order_id,customer_id,product_id,quantity,price,order_date,region
1,162,29,1,492.11,2024-02-03,North
2,133,79,1,76.0,2023-04-01,East
3,179,81,3,441.7,2023-12-07,South
4,120,68,1,289.98,2024-08-07,North
5,42,2,1,236.52,2025-03-12,West
6,167,59,2,288.87,2025-06-20,North
7,155,31,2,111.11,2024-02-19,North
8,21,48,2,419.21,2024-04-19,East
9,107,52,1,58.89,2023-10-15,East
10,132,92,2,433.31,2023-09-23,West
11,5,24,4,34.12,2024-02-07,East
12,100,98,2,108.78,2023-11-27,West
13,139,88,3,359.23,2023-06-03,West
14,141,77,4,36.29,2025-05-20,East
15,152,14,1,54.97,2023-09-25,North
16,21,95,2,301.22,2025-05-27,South
17,121,35,3,259.01,2023-01-17,North
18,76,3,4,70.05,2025-06-07,North
19,5,40,3,264.21,2025-02-19,North
20,56,13,3,432.59,2023-05-20,North
21,109,98,3,108.9,2023-07-24,West
22,170,24,2,210.86,2024-02-22,West
23,173,59,4,299.91,2025-01-04,West
24,188,93,1,203.79,2023-03-02,South
25,40,81,1,474.18,2024-05-29,East
26,177,37,1,165.97,2025-02-15,South
27,118,8,3,22.59,2024-11-18,South
28,93,29,1,249.41,2025-04-30,East
29,126,8,3,59.6,2023-03-30,West
30,86,38,2,205.97,2023-04-19,West
31,166,28,4,288.32,2024-09-03,South
32,66,30,2,198.68,2024-05-22,West
33,168,90,4,172.51,2024-03-15,South
34,156,18,3,179.02,2025-04-11,North
35,177,59,3,222.82,2025-05-18,East
36,156,4,4,447.21,2025-02-12,North
37,42,100,2,400.0,2023-07-02,South
38,139,72,4,439.19,2024-09-23,East
39,184,46,2,240.23,2025-05-07,North
40,152,89,3,433.31,2025-08-07,South
41,184,56,3,87.62,2025-04-23,South
42,1,96,4,264.56,2025-06-21,North
43,134,79,2,227.65,2025-09-07,South
44,129,84,3,151.91,2025-07-28,West
45,139,23,4,265.36,2023-11-18,South
46,118,47,1,187.93,2024-06-17,West
47,162,91,4,249.31,2024-08-14,North
48,97,81,2,181.48,2024-03-13,North
49,152,71,3,384.39,2025-06-03,South
50,60,28,4,423.33,2025-01-25,South
51,146,79,2,494.83,2023-09-11,South
52,164,13,1,260.27,2024-07-23,East
53,45,38,1,234.61,2023-11-24,West
54,127,51,1,179.95,2023-07-23,South
55,101,51,3,370.16,2025-06-15,South
56,32,26,3,412.71,2024-04-24,North
57,51,29,3,53.42,2023-04-08,North
58,41,20,4,156.06,2024-05-18,East
59,81,52,4,102.01,2024-09-04,South
60,102,56,1,208.45,2023-12-04,West
61,26,58,2,87.94,2023-12-14,East
62,135,38,1,50.67,2023-04-15,South
63,47,6,3,263.89,2025-05-13,South
64,28,78,2,437.41,2023-02-04,South
65,139,29,1,287.92,2024-06-18,North
66,123,39,4,396.03,2025-03-20,West
67,115,9,4,200.18,2024-02-01,West
68,60,2,2,282.67,2024-02-09,East
69,130,65,3,170.38,2024-10-10,East
70,55,32,4,234.56,2024-10-01,South
71,35,36,4,141.41,2024-07-19,West
72,80,83,4,62.84,2024-01-18,East
73,66,95,2,435.88,2024-03-30,East
74,163,72,2,274.5,2025-01-26,South
75,82,7,3,240.21,2024-01-07,West
76,131,58,2,130.33,2025-04-16,East
77,56,16,3,142.79,2024-03-17,South
78,7,91,4,252.56,2024-04-21,North
79,117,12,4,345.88,2023-06-16,South
80,171,93,4,423.32,2024-09-24,South
81,156,42,3,314.39,2024-03-06,West
82,25,93,4,39.51,2024-02-08,North
83,153,8,1,120.88,2024-11-09,West
84,107,40,2,28.14,2024-11-28,North
85,24,5,1,434.77,2023-12-16,North
86,4,11,3,377.31,2023-07-26,West
87,173,71,1,310.65,2025-03-08,South
88,128,10,2,493.16,2024-08-08,West
89,127,28,2,286.81,2024-02-24,North
90,171,28,3,390.2,2024-12-19,West
91,191,47,2,482.12,2023-02-06,South
92,53,94,3,121.33,2024-01-15,South
93,51,64,2,337.85,2024-10-30,South
94,63,42,2,33.56,2023-06-15,North
95,152,97,4,77.13,2024-03-12,South
96,176,76,4,236.17,2023-11-06,North
97,69,6,2,497.07,2025-09-23,East
98,77,79,1,309.84,2023-03-09,North
99,20,51,1,285.47,2025-07-15,North
100,44,1,3,301.84,2025-08-30,East
101,32,71,1,436.31,2023-02-25,East
102,61,20,4,479.97,2025-08-16,East
103,69,74,4,347.28,2023-08-06,West
104,197,97,1,209.84,2024-03-07,South
105,197,19,1,485.78,2023-02-22,East
106,177,12,1,338.17,2023-08-29,East
107,199,38,3,436.39,2025-06-09,West
108,45,17,1,450.03,2025-09-01,South
109,153,27,4,231.78,2024-02-25,West
110,27,27,3,309.51,2025-06-29,East
111,2,95,4,241.94,2023-08-03,West
112,119,4,1,268.23,2024-11-06,South
113,4,50,4,36.23,2024-12-27,North
114,29,74,2,215.83,2025-08-20,North
115,198,36,1,435.67,2024-06-06,West
116,155,39,3,136.62,2024-10-24,South
117,70,27,3,43.9,2024-07-02,South
118,142,35,3,247.9,2023-10-07,South
119,73,35,4,60.73,2025-02-17,North
120,7,15,2,412.55,2025-05-15,South
121,36,98,2,216.53,2023-11-29,East
122,152,72,1,61.91,2023-08-27,West
123,159,57,3,331.87,2025-05-19,South
124,136,35,3,138.37,2023-07-13,North
125,90,38,3,459.66,2024-06-20,South
126,125,4,2,106.49,2024-03-02,West
127,147,52,4,481.13,2024-04-22,East
128,150,96,4,126.53,2023-03-01,East
129,183,67,1,135.89,2025-07-09,South
130,93,94,3,230.37,2024-04-11,North
131,31,6,4,354.91,2025-01-07,West
132,68,53,4,388.75,2024-12-06,North
133,91,85,2,464.47,2024-01-19,West
134,22,82,3,278.3,2023-01-15,East
135,67,56,4,22.4,2024-02-10,West
136,158,99,3,163.24,2024-06-21,South
137,195,71,3,263.12,2024-06-11,North
138,44,67,3,46.2,2024-05-01,West
139,96,70,4,317.59,2023-11-07,South
140,62,20,2,203.81,2025-03-23,South
141,77,41,2,296.26,2023-07-06,North
142,95,23,2,358.07,2025-09-20,East
143,169,14,2,248.59,2023-09-18,East
144,163,49,3,310.72,2025-06-01,West
145,48,84,2,99.47,2025-09-21,East
146,169,1,1,121.08,2023-09-12,South
147,45,20,1,47.67,2023-05-19,East
148,180,77,2,466.62,2023-06-10,South
149,100,56,3,372.13,2025-07-19,North
150,83,58,2,351.94,2025-08-18,South
151,134,92,3,421.67,2023-01-20,East
152,179,77,3,499.27,2024-12-12,West
153,22,41,1,417.82,2023-02-26,North
154,33,55,1,257.91,2025-09-24,North
155,178,97,1,194.89,2023-04-10,West
156,6,14,3,344.23,2024-05-31,South
157,113,38,1,32.94,2025-02-28,West
158,64,73,2,413.82,2024-03-08,North
159,81,94,2,435.71,2023-05-31,East
160,109,80,4,446.27,2024-06-27,East
161,130,42,2,418.41,2025-01-31,South
162,10,31,1,274.1,2024-08-29,South
163,38,88,4,161.56,2023-09-15,South
164,158,12,4,284.15,2023-09-04,North
165,98,32,2,347.73,2024-11-20,North
166,8,43,3,269.8,2024-06-26,East
167,126,67,3,91.6,2023-08-18,West
168,157,18,1,405.68,2024-06-30,South
169,118,98,3,142.08,2023-03-25,North
170,152,33,2,308.72,2023-02-13,South
171,65,45,4,192.3,2024-10-17,East
172,28,95,3,329.46,2025-03-17,South
173,23,88,4,65.57,2023-10-11,South
174,143,81,3,191.18,2024-09-26,North
175,192,60,3,393.25,2024-03-31,East
176,7,22,2,45.81,2023-09-16,West
177,184,56,4,188.1,2024-07-04,West
178,50,55,4,126.93,2024-08-05,West
179,16,72,3,364.38,2023-03-23,South
180,55,64,2,382.24,2023-03-26,East
181,101,64,3,495.33,2025-02-07,West
182,160,12,3,214.59,2025-04-02,West
183,16,38,4,229.79,2024-09-25,North
184,42,81,4,274.5,2024-01-31,North
185,124,39,3,148.08,2024-07-15,West
186,92,66,1,319.37,2024-06-29,East
187,29,54,4,175.49,2023-03-27,East
188,120,20,1,467.82,2023-09-20,South
189,162,10,1,216.73,2023-02-10,South
190,68,32,3,194.1,2023-11-13,South
191,48,45,1,384.4,2023-06-12,South
192,186,35,1,186.14,2023-06-22,West
193,151,56,4,209.87,2024-07-07,North
194,56,19,3,202.12,2025-06-30,South
195,42,31,1,190.61,2025-07-31,East
196,136,21,1,396.42,2025-03-05,South
197,106,86,1,338.65,2023-01-22,West
198,152,99,3,301.13,2025-07-23,South
199,153,65,3,278.79,2023-04-16,West
200,155,51,3,351.33,2023-05-14,North
201,29,66,3,408.23,2025-08-19,East
202,126,92,2,434.61,2024-01-04,South
203,27,98,4,10.7,2025-08-17,West
204,72,60,2,484.34,2023-09-29,North
205,197,19,2,90.77,2024-02-16,North
206,53,23,4,404.94,2023-08-24,North
207,102,99,4,111.45,2024-04-10,North
208,72,52,3,89.05,2024-01-28,East
209,186,23,2,454.49,2025-05-12,North
210,68,54,1,472.63,2023-07-04,East
211,182,81,4,303.3,2025-09-03,North
212,112,50,3,427.7,2024-03-22,West
213,174,57,4,299.39,2023-12-13,South
214,185,64,2,450.4,2023-12-05,North
215,3,85,1,298.8,2024-04-28,North
216,166,100,1,395.64,2023-04-25,West
217,75,58,1,253.14,2024-06-28,East
218,133,44,4,216.93,2023-11-26,East
219,24,15,4,452.47,2024-06-08,North
220,116,79,3,452.2,2023-12-25,West
221,30,74,4,182.16,2025-07-16,North
222,47,70,1,54.84,2023-08-28,North
223,122,8,2,377.55,2025-02-06,West
224,165,1,4,331.43,2024-05-27,North
225,16,72,4,274.93,2024-01-06,North
226,176,61,3,445.76,2023-12-15,East
227,88,69,3,430.76,2023-12-22,East
228,170,57,1,163.51,2025-08-08,North
229,80,34,1,24.95,2024-10-19,West
230,49,22,2,128.16,2024-12-04,West
231,96,84,3,313.06,2024-06-24,West
232,118,42,2,79.09,2024-09-20,North
233,118,12,2,186.57,2023-08-13,East
234,56,19,4,311.74,2025-03-13,East
235,185,71,3,284.14,2023-04-20,South
236,108,38,2,100.74,2025-01-22,South
237,83,48,2,459.59,2024-03-16,West
238,197,10,4,235.25,2023-07-10,West
239,167,60,1,483.64,2024-09-22,West
240,54,66,2,85.44,2025-02-18,West
241,95,71,4,352.19,2023-07-03,North
242,88,53,4,321.81,2024-04-05,East
243,64,45,4,92.45,2023-12-19,East
244,187,90,1,125.87,2025-06-22,East
245,10,48,2,327.74,2023-01-16,South
246,116,8,3,285.12,2023-01-01,South
247,131,54,3,176.43,2023-09-10,North
248,161,44,4,170.09,2023-01-04,South
249,38,48,3,187.61,2025-06-26,East
250,145,8,3,442.59,2023-03-19,East
251,184,40,3,123.77,2023-06-26,North
252,110,94,1,474.61,2025-08-03,North
253,25,30,1,222.44,2025-01-13,East
254,87,58,2,444.52,2025-07-26,West
255,138,1,1,422.44,2024-08-28,South
256,6,25,1,119.91,2025-08-26,South
257,108,39,1,428.42,2023-01-31,North
258,177,72,1,179.27,2024-05-05,East
259,136,72,4,166.13,2025-07-13,East
260,123,94,2,375.04,2023-01-18,North
261,146,8,2,42.06,2023-01-07,West
262,141,72,4,328.83,2023-11-17,West
263,148,13,1,390.4,2025-01-12,North
264,192,67,2,369.67,2023-07-14,West
265,143,74,2,329.91,2025-09-26,South
266,54,59,2,381.17,2023-05-04,South
267,70,58,4,259.43,2023-02-18,East
268,194,69,1,301.98,2024-09-14,North
269,121,54,1,94.91,2024-08-11,North
270,107,94,4,69.37,2024-09-16,South
271,11,58,1,79.7,2025-05-10,West
272,85,57,4,154.36,2024-06-22,South
273,65,78,1,494.43,2023-05-18,South
274,194,67,1,48.23,2023-04-04,North
275,29,59,1,61.1,2023-05-15,West
276,54,54,4,10.4,2024-02-21,North
277,138,37,4,171.74,2023-03-05,South
278,46,77,1,363.2,2025-06-27,North
279,78,43,3,269.15,2023-09-01,South
280,41,55,1,126.8,2023-03-14,East
281,56,68,2,38.16,2024-11-10,North
282,41,28,4,204.75,2024-04-04,West
283,91,33,4,470.54,2024-11-08,East
284,123,77,2,348.99,2025-01-16,North
285,20,28,4,388.67,2024-11-17,East
286,58,76,1,463.88,2025-09-09,East
287,13,2,3,194.79,2023-12-21,South
288,200,75,2,467.31,2025-09-25,West
289,194,33,4,428.99,2023-03-13,East
290,131,59,2,214.7,2024-10-09,South
291,116,94,1,432.61,2023-10-17,West
292,144,15,2,150.97,2024-04-30,East
293,37,8,4,239.83,2024-09-06,West
294,77,16,4,176.71,2023-03-10,East
295,169,39,3,180.39,2025-02-05,West
296,19,32,2,336.69,2023-05-29,South
297,107,41,2,283.07,2023-11-15,North
298,160,37,2,271.81,2023-11-28,North
299,6,10,4,376.79,2025-09-15,North
300,199,65,3,210.37,2024-09-13,East
301,53,81,1,270.65,2025-05-25,East
302,144,41,3,445.1,2024-11-21,North
303,145,93,1,341.83,2023-11-21,West
304,192,60,4,137.22,2024-09-15,West
305,66,43,2,89.91,2023-06-25,North
306,188,60,2,471.77,2025-03-30,North
307,186,28,3,412.52,2025-02-16,West
308,84,18,2,93.63,2025-09-13,South
309,130,69,4,495.75,2024-08-27,South
310,59,15,4,447.28,2023-06-28,East
311,78,48,4,156.23,2024-07-06,North
312,160,9,4,349.81,2023-07-17,South
313,194,73,3,498.13,2023-07-05,South
314,197,45,1,485.69,2024-01-22,East
315,33,52,3,105.36,2023-01-09,South
316,182,34,4,276.74,2025-02-01,East
317,175,81,1,61.87,2023-06-23,East
318,64,8,1,261.68,2023-09-02,West
319,131,77,2,260.31,2025-08-23,East
320,25,52,3,365.3,2025-09-04,North
321,124,32,1,93.2,2023-04-29,East
322,124,24,2,93.47,2023-03-07,South
323,47,17,1,154.48,2025-07-06,South
324,161,67,3,209.44,2025-05-28,West
325,148,25,1,423.67,2024-05-13,South
326,186,100,1,498.79,2024-10-15,East
327,183,26,2,244.98,2024-12-25,East
328,73,98,2,322.84,2024-12-10,West
329,162,46,1,172.38,2025-04-29,East
330,39,13,4,111.29,2023-06-19,East
331,101,27,2,479.94,2023-04-11,East
332,8,56,2,270.75,2025-03-03,North
333,118,11,2,439.92,2023-11-02,East
334,27,11,1,493.04,2023-08-04,South
335,194,38,3,17.02,2023-01-08,West
336,76,12,1,401.47,2023-11-25,North
337,43,96,4,490.54,2025-02-23,South
338,24,19,4,456.01,2025-02-21,South
339,184,75,4,274.93,2024-03-04,East
340,79,58,3,16.86,2024-05-26,South
341,72,25,3,459.86,2024-07-25,West
342,157,80,2,346.02,2023-06-20,East
343,64,78,3,158.44,2023-04-09,South
344,9,58,1,378.19,2025-07-22,South
345,5,75,4,20.59,2023-11-30,North
346,146,57,1,195.54,2025-04-17,West
347,3,18,1,144.24,2023-03-11,North
348,183,32,3,227.78,2025-09-05,West
349,128,98,3,122.94,2024-11-16,East
350,98,83,3,439.25,2023-10-13,South
351,57,45,3,301.51,2025-02-11,South
352,140,92,1,155.01,2023-03-08,North
353,24,6,2,410.46,2023-12-18,South
354,39,78,2,14.76,2023-04-06,North
355,133,89,3,296.84,2025-03-09,South
356,57,4,4,300.45,2025-08-15,West
357,1,95,4,48.8,2024-06-07,South
358,2,60,4,288.01,2023-10-16,West
359,89,80,4,324.31,2025-03-14,North
360,151,39,3,20.39,2025-04-18,West
361,123,21,2,481.84,2024-05-16,East
362,157,55,3,217.89,2025-08-09,South
363,77,38,1,233.63,2024-01-20,East
364,194,40,1,462.02,2025-08-06,South
365,62,78,2,103.32,2024-08-24,South
366,61,6,1,40.46,2024-05-04,East
367,176,68,1,24.49,2024-02-02,East
368,148,3,1,250.51,2023-04-21,West
369,16,26,1,21.54,2024-08-09,East
370,28,52,3,330.27,2024-10-18,North
371,6,22,2,82.21,2024-12-15,South
372,121,43,1,344.94,2024-06-16,South
373,113,64,1,283.17,2024-10-23,North
374,57,71,1,264.13,2023-09-24,North
375,44,27,3,408.07,2025-03-02,North
376,114,84,1,30.12,2023-11-10,East
377,67,24,4,370.95,2024-02-20,East
378,182,43,4,244.78,2023-02-09,East
379,62,82,4,468.91,2024-10-29,East
380,181,97,2,178.03,2023-03-04,South
381,94,14,4,95.19,2025-08-29,West
382,120,29,3,412.62,2024-03-10,West
383,29,67,1,363.86,2025-01-09,East
384,87,26,2,426.04,2025-09-16,West
385,52,33,3,86.51,2023-11-04,South
386,129,15,2,72.94,2025-05-14,South
387,151,2,4,65.46,2024-11-11,West
388,1,97,2,81.96,2023-07-25,West
389,144,21,3,132.32,2025-07-07,East
390,4,51,2,245.05,2024-05-03,South
391,4,63,2,110.78,2025-01-18,East
392,175,4,3,98.38,2024-07-30,South
393,38,23,2,265.48,2023-02-01,East
394,111,12,1,144.0,2024-02-23,East
395,88,77,1,68.06,2024-01-25,South
396,169,81,2,204.89,2024-10-04,North
397,61,84,2,455.32,2025-03-31,East
398,54,99,4,57.69,2024-05-19,West
399,30,21,3,227.16,2024-10-16,West
400,58,33,2,478.96,2024-12-02,West
401,23,75,2,32.84,2025-07-29,East
402,90,32,4,383.79,2025-04-01,East
403,126,78,4,246.18,2024-01-12,North
404,50,7,1,475.05,2024-08-13,North
405,86,63,3,226.76,2025-07-21,West
406,196,76,1,377.3,2024-07-18,North
407,6,4,2,166.15,2024-07-22,South
408,35,8,4,238.75,2024-11-23,North
409,71,23,1,435.81,2023-07-28,South
410,18,81,3,80.42,2024-06-09,North
411,85,92,4,77.12,2023-06-11,North
412,60,1,2,174.82,2023-06-13,East
413,108,39,1,290.16,2024-12-07,North
414,70,22,4,300.76,2025-08-10,East
415,127,87,3,445.75,2023-02-07,North
416,76,49,4,397.7,2025-01-27,North
417,72,57,3,292.74,2023-02-08,North
418,7,30,1,57.71,2024-10-26,West
419,64,15,2,208.25,2024-03-28,West
420,105,71,4,412.07,2024-07-26,East
421,77,46,3,446.41,2025-09-18,East
422,28,5,1,131.76,2024-05-15,South
423,34,27,2,324.37,2025-03-27,East
424,164,58,4,374.1,2023-10-18,North
425,66,41,1,277.97,2023-11-19,South
426,161,73,1,435.45,2023-08-08,South
427,157,2,3,168.36,2024-09-09,East
428,5,76,2,342.27,2023-04-30,East
429,25,83,1,159.04,2023-08-22,West
430,27,7,3,34.16,2024-07-28,East
431,92,15,1,463.31,2023-04-28,North
432,130,89,1,148.73,2024-05-20,East
433,121,21,3,108.59,2025-08-04,East
434,67,80,2,120.76,2023-02-11,North
435,78,56,2,19.01,2023-04-12,West
436,71,13,4,361.94,2023-05-16,South
437,173,2,3,208.08,2024-03-05,North
438,138,14,4,323.97,2023-06-30,North
439,110,44,2,68.06,2025-02-26,North
440,183,71,2,344.99,2023-03-20,North
441,184,27,4,456.81,2025-07-17,East
442,79,10,2,77.93,2023-09-22,South
443,58,91,4,465.74,2024-12-28,North
444,188,44,3,173.73,2025-05-05,East
445,140,63,4,146.82,2025-05-09,East
446,179,94,1,342.0,2024-04-18,South
447,105,55,3,235.49,2024-11-04,South
448,156,46,3,413.76,2024-05-09,North
449,87,67,3,280.89,2025-03-21,South
450,180,24,4,412.03,2024-12-29,East
451,174,42,3,91.73,2025-04-09,West
452,97,79,4,476.58,2024-01-23,West
453,193,83,4,457.84,2025-02-03,North
454,143,20,4,301.27,2023-08-23,East
455,151,33,3,272.34,2023-05-09,South
456,58,24,1,239.18,2023-04-14,South
457,183,97,1,415.43,2025-06-19,South
458,76,43,3,273.54,2023-11-05,North
459,179,90,4,235.21,2023-10-26,South
460,110,83,3,459.81,2024-08-12,South
461,173,67,4,184.13,2024-11-15,South
462,186,55,1,363.05,2025-01-05,North
463,121,64,3,397.17,2023-04-18,South
464,144,94,3,130.05,2024-11-19,West
465,175,7,2,162.71,2023-08-10,North
466,44,44,1,415.45,2023-01-21,North
467,189,41,3,468.47,2024-04-23,South
468,48,97,4,178.72,2024-07-08,West
469,35,45,3,329.41,2023-06-29,South
470,114,2,1,160.52,2023-08-05,West
471,120,82,2,258.42,2023-05-02,South
472,9,43,2,157.73,2025-02-14,West
473,2,19,1,357.83,2024-07-17,East
474,109,95,4,451.04,2024-04-09,South
475,32,52,3,471.76,2023-09-30,North
476,78,40,1,278.57,2025-01-02,West
477,81,71,3,427.25,2023-03-17,East
478,38,55,1,493.51,2025-07-02,West
479,41,19,1,53.34,2025-05-17,North
480,69,85,3,287.18,2024-04-01,North
481,59,50,3,297.33,2023-06-27,West
482,151,23,3,242.89,2024-12-11,South
483,161,62,3,319.23,2024-07-03,East
484,198,40,3,324.77,2024-03-19,East
485,152,15,2,123.42,2024-02-26,South
486,141,75,3,324.8,2025-08-13,North
487,81,78,4,24.11,2023-10-08,West
488,35,74,1,13.44,2025-01-21,North
489,166,42,4,243.84,2023-05-27,West
490,49,75,2,224.65,2024-04-14,West
491,29,45,2,56.42,2024-10-05,East
492,158,82,2,180.62,2025-05-16,North
493,86,98,1,418.11,2024-04-12,West
494,103,77,2,26.55,2023-11-14,South
495,20,44,3,186.62,2025-02-27,East
496,47,52,3,302.17,2024-05-17,South
497,199,77,4,395.36,2023-01-12,East
498,191,11,2,26.81,2023-05-08,South
499,175,100,3,167.42,2025-04-08,East
500,61,60,2,107.94,2025-07-30,East
501,155,66,1,379.17,2024-11-12,East
502,84,16,3,398.94,2025-05-11,South
503,92,66,1,435.36,2025-04-03,West
504,112,47,4,111.53,2024-03-18,North
505,60,41,4,137.99,2024-08-25,North
506,197,48,3,422.4,2024-05-28,North
507,6,75,2,207.07,2023-02-14,North
508,19,32,3,178.96,2025-04-12,West
509,199,75,3,439.34,2025-04-14,South
510,60,28,1,25.93,2023-02-24,North
511,52,92,1,363.75,2025-09-17,West
512,64,80,2,391.86,2023-04-26,West
513,171,52,1,321.09,2025-09-14,West
514,146,93,2,274.73,2023-07-16,North
515,158,84,3,413.29,2025-07-05,South
516,15,9,1,189.64,2023-10-25,South
517,116,66,4,261.0,2023-09-07,West
518,96,49,3,196.43,2025-03-07,West
519,80,15,3,249.03,2025-01-01,North
520,198,93,1,355.2,2024-12-16,West
521,165,86,3,358.85,2024-01-21,East
522,130,60,3,18.11,2024-07-20,West
523,103,15,3,192.31,2024-03-11,East
524,42,39,4,324.02,2025-05-03,South
525,91,33,4,255.08,2023-03-15,North
526,142,64,4,16.21,2024-01-26,North
527,175,25,4,398.31,2025-01-03,West
528,167,36,3,226.24,2023-09-27,South
529,57,49,3,109.69,2023-02-27,North
530,50,70,4,225.05,2024-08-04,East
531,171,47,3,304.59,2023-07-30,North
532,160,58,3,154.16,2023-12-01,South
533,182,68,2,445.29,2025-06-16,South
534,116,76,1,199.96,2024-08-17,West
535,194,22,1,74.41,2023-05-13,North
536,161,16,4,420.94,2023-01-02,East
537,142,78,1,78.19,2024-06-15,East
538,93,54,2,368.67,2024-01-13,North
539,122,30,3,243.31,2024-09-05,West
540,200,49,4,88.33,2023-10-23,North
541,39,22,4,103.41,2025-08-21,East
542,125,86,2,392.23,2023-03-31,North
543,155,79,1,323.1,2023-01-03,North
544,19,43,4,340.66,2025-06-05,East
545,159,80,4,353.67,2025-01-24,West
546,44,79,3,97.13,2025-04-07,South
547,51,71,1,151.98,2024-10-06,South
548,96,2,3,408.38,2024-07-14,West
549,71,34,2,430.98,2023-01-11,North
550,45,24,4,494.28,2024-02-14,North
551,129,12,1,349.31,2023-10-30,East
552,57,47,1,232.76,2024-09-08,East
553,93,37,4,353.85,2023-08-30,North
554,87,75,1,346.82,2023-02-19,South
555,141,53,4,397.62,2024-10-31,North
556,91,50,4,416.46,2025-07-11,North
557,196,63,3,307.36,2023-09-09,South
558,46,42,3,185.48,2023-06-06,East
559,170,88,1,86.45,2023-06-05,North
560,54,65,3,326.24,2025-09-06,North
561,31,70,3,16.16,2023-08-14,North
562,169,66,3,425.88,2025-08-14,South
563,190,40,4,258.35,2024-12-09,East
564,175,30,3,40.68,2023-02-15,South
565,194,28,3,320.7,2023-07-12,North
566,102,50,2,294.06,2024-03-25,North
567,173,90,4,141.31,2025-05-24,North
568,2,17,2,18.51,2024-08-15,South
569,154,50,4,245.24,2023-03-28,South
570,42,70,3,289.76,2024-07-10,East
571,135,55,2,383.18,2024-05-10,East
572,6,50,4,12.74,2024-01-30,West
573,200,89,1,74.09,2025-02-20,North
574,99,48,1,91.12,2024-02-05,West
575,26,79,4,217.26,2024-05-06,South
576,105,38,1,459.69,2023-10-19,North
577,117,67,3,349.33,2023-05-12,East
578,63,55,3,177.05,2023-10-03,West
579,134,19,3,397.58,2023-01-25,West
580,174,79,3,288.99,2023-12-06,North
581,14,34,2,165.08,2024-06-05,South
582,97,15,3,157.45,2024-03-01,West
583,168,40,2,439.72,2023-09-05,East
584,71,99,3,301.0,2024-10-03,South
585,83,89,2,110.24,2023-08-17,North
586,144,70,1,402.15,2023-05-01,West
587,189,42,1,184.42,2024-12-21,South
588,139,45,3,430.93,2023-04-24,North
589,71,90,4,261.52,2024-02-17,North
590,69,43,4,118.07,2025-07-24,North
591,58,98,3,405.8,2023-03-16,South
592,54,9,1,324.89,2025-08-02,West
593,92,26,1,315.11,2023-05-17,East
594,111,71,4,39.41,2024-01-27,West
595,195,1,4,346.92,2024-07-01,North
596,140,41,3,35.35,2024-10-14,North
597,22,93,2,183.27,2023-07-08,East
598,99,16,1,178.11,2024-03-26,East
599,160,51,1,385.26,2025-07-03,West
600,20,37,2,274.12,2023-01-14,North
601,23,81,1,30.18,2024-05-24,West
602,100,8,3,292.46,2024-04-26,North
603,164,99,2,476.62,2025-04-15,North
604,93,93,2,72.33,2024-08-10,South
605,134,59,3,168.29,2024-10-25,South
606,171,30,2,496.23,2025-03-10,North
607,176,76,4,166.44,2023-12-26,East
608,9,8,4,443.19,2025-06-23,North
609,17,18,3,497.09,2023-12-08,North
610,129,6,3,214.3,2023-11-23,East
611,77,60,2,405.92,2023-03-24,East
612,91,23,2,47.84,2024-10-28,South
613,101,37,3,321.91,2024-11-03,West
614,77,12,2,190.42,2025-03-15,South
615,78,63,2,186.84,2023-09-17,East
616,196,13,1,338.85,2023-04-07,West
617,144,14,3,135.68,2024-03-27,North
618,57,78,3,377.07,2023-09-06,North
619,125,71,3,363.96,2024-07-27,West
620,38,13,3,159.59,2024-04-29,East
621,72,47,1,136.34,2024-11-24,West
622,70,100,4,215.7,2025-05-30,East
623,7,75,4,208.78,2023-06-02,South
624,160,32,1,270.09,2025-06-13,West
625,104,30,2,321.12,2023-12-11,South
626,200,63,1,310.0,2025-05-22,North
627,142,88,1,455.94,2023-03-06,East
628,35,42,1,94.38,2023-02-20,South
629,155,73,1,221.17,2024-11-22,East
630,90,55,3,266.79,2024-05-08,East
631,31,39,3,20.25,2023-11-12,North
632,172,60,1,200.82,2024-04-06,South
633,185,76,2,313.42,2023-11-11,West
634,128,84,1,319.0,2024-02-27,South
635,179,86,2,35.88,2024-12-17,South
636,150,4,4,369.16,2024-12-26,South
637,161,28,2,35.04,2024-06-12,East
638,173,43,2,341.96,2023-08-09,North
639,128,41,2,263.08,2023-03-29,North
640,126,83,1,90.75,2023-09-21,East
641,72,49,1,203.4,2023-06-09,South
642,68,61,2,403.76,2025-04-04,East
643,3,43,3,424.47,2024-09-11,West
644,118,6,3,273.84,2025-06-12,South
645,74,2,2,285.93,2024-12-08,East
646,176,66,3,474.59,2023-04-17,East
647,53,47,2,301.19,2024-06-10,West
648,4,44,3,248.6,2023-09-28,North
649,164,85,1,390.7,2023-01-26,East
650,55,51,1,75.98,2023-05-28,South
651,180,1,2,491.48,2025-07-12,West
652,149,12,4,460.34,2025-01-15,West
653,79,75,1,367.2,2023-10-24,North
654,187,33,1,403.21,2025-02-04,South
655,126,7,4,231.45,2024-07-21,East
656,118,38,4,66.45,2023-05-30,South
657,155,11,2,20.16,2024-05-02,East
658,68,90,3,83.43,2024-04-16,North
659,123,2,3,287.71,2024-12-01,West
660,52,29,4,235.71,2024-11-29,South
661,24,48,2,141.72,2023-10-12,South
662,90,28,1,450.53,2024-08-26,South
663,191,38,3,100.04,2023-12-24,West
664,67,20,3,152.81,2024-02-29,East
665,111,44,2,53.82,2024-08-30,South
666,83,82,4,56.47,2023-05-22,South
667,111,91,1,421.71,2023-11-20,East
668,126,13,4,129.89,2024-03-03,East
669,187,28,3,281.42,2025-03-16,East
670,12,4,4,55.13,2025-01-28,East
671,57,73,3,153.23,2024-11-14,North
672,117,82,4,65.37,2023-01-05,West
673,26,63,1,337.91,2023-05-10,West
674,179,18,2,435.99,2024-02-13,East
675,100,80,2,479.36,2024-09-29,South
676,46,75,4,409.61,2025-08-24,East
677,107,94,1,179.28,2025-03-18,East
678,33,6,4,377.68,2025-09-08,West
679,57,15,2,359.8,2024-07-13,West
680,46,49,3,479.48,2023-12-12,North
681,89,94,4,72.19,2024-04-02,West
682,33,82,1,287.58,2025-03-22,East
683,117,80,4,417.57,2023-08-01,South
684,200,15,3,195.23,2025-04-25,West
685,170,76,4,246.21,2023-06-07,East
686,121,85,4,95.39,2025-04-10,North
687,99,44,2,367.75,2023-04-27,West
688,150,58,4,87.46,2025-03-06,East
689,145,36,1,199.34,2024-06-01,West
690,193,93,2,497.6,2025-04-24,North
691,22,40,2,182.0,2023-07-31,East
692,71,71,1,455.29,2023-07-29,West
693,18,77,4,138.58,2023-07-07,North
694,119,28,3,87.61,2025-05-02,South
695,189,47,3,56.91,2023-08-31,North
696,78,80,4,11.91,2025-03-01,East
697,143,95,2,278.3,2023-10-27,South
698,177,19,1,50.38,2023-06-24,East
699,167,16,3,457.82,2025-02-08,North
700,116,99,1,178.48,2024-11-25,West
701,18,25,4,216.1,2024-05-30,North
702,127,97,2,274.1,2024-09-10,West
703,91,92,4,283.65,2024-11-13,West
704,179,87,3,364.94,2023-07-18,South
705,147,52,2,147.17,2023-01-23,North
706,79,52,2,156.25,2023-01-29,North
707,127,52,1,481.14,2023-10-14,North
708,154,77,3,211.03,2025-08-31,East
709,101,8,2,156.6,2024-03-21,East
710,97,29,2,466.49,2024-03-29,South
711,62,59,2,345.86,2023-09-26,North
712,62,79,2,430.48,2023-01-24,West
713,154,76,3,90.99,2024-10-11,South
714,75,57,2,152.35,2023-02-02,South
715,160,71,3,186.6,2023-11-03,South
716,84,51,3,464.54,2024-05-21,West
717,69,56,2,267.94,2023-10-28,South
718,15,35,4,416.98,2024-07-12,North
719,91,45,1,146.48,2023-08-26,South
720,149,44,3,148.68,2024-04-20,West
721,46,87,3,341.01,2023-08-11,South
722,7,64,1,389.19,2025-08-12,East
723,121,86,1,220.62,2024-02-04,East
724,197,62,4,303.71,2024-05-07,West
725,199,2,1,434.66,2024-02-18,West
726,166,36,1,43.81,2023-09-03,South
727,118,4,2,95.98,2023-07-27,South
728,9,84,2,382.8,2023-12-30,East
729,109,44,3,428.77,2024-08-01,North
730,54,72,1,37.94,2024-10-21,North
731,30,57,4,369.95,2024-12-22,West
732,115,64,4,455.67,2023-01-19,South
733,59,26,4,473.92,2024-08-21,East
734,108,43,2,342.26,2023-09-19,South
735,164,57,2,206.08,2025-02-25,North
736,160,66,3,497.6,2023-08-19,West
737,154,24,4,311.99,2024-10-22,West
738,29,35,2,276.97,2025-01-10,South
739,101,3,2,475.2,2024-09-18,West
740,128,69,2,145.48,2023-05-11,North
741,119,79,4,408.87,2024-07-11,South
742,89,42,1,143.18,2024-04-25,South
743,171,93,1,102.62,2023-06-18,South
744,142,46,3,428.26,2023-05-21,South
745,34,81,4,482.32,2025-06-11,South
746,150,59,2,324.17,2023-07-20,West
747,93,37,2,212.43,2025-01-17,North
748,27,50,1,62.21,2024-12-20,North
749,48,16,3,471.37,2024-05-12,North
750,85,77,2,351.59,2023-08-20,South
751,184,8,3,346.72,2025-04-28,North
752,75,55,2,240.14,2023-06-21,East
753,107,73,1,39.16,2025-03-04,West
754,90,88,1,150.77,2023-07-09,East
755,46,32,1,432.84,2023-06-08,West
756,151,35,3,144.25,2024-09-02,North
757,156,4,4,250.23,2023-01-13,South
758,140,76,1,472.68,2025-06-06,West
759,34,14,4,89.08,2023-05-05,South
760,17,34,2,48.83,2023-01-28,North
761,37,82,1,88.09,2024-01-17,South
762,101,65,1,263.58,2024-08-19,East
763,189,66,4,147.19,2023-09-08,North
764,200,90,1,314.37,2023-10-05,East
765,26,69,4,259.37,2025-02-09,West
766,137,63,2,373.88,2023-06-14,North
767,118,22,3,141.8,2024-08-18,East
768,31,3,4,323.62,2025-07-18,East
769,35,65,4,117.62,2025-08-25,South
770,46,24,3,461.09,2024-10-08,East
771,183,84,4,374.11,2024-07-29,South
772,87,15,2,475.82,2025-06-08,North
773,53,85,1,161.4,2025-03-28,South
774,76,25,3,98.34,2025-03-25,South
775,7,51,2,184.02,2024-07-24,North
776,116,25,2,44.49,2024-12-13,West
777,106,23,4,67.01,2023-08-12,West
778,145,20,3,337.41,2023-07-21,North
779,86,65,2,136.23,2025-06-17,North
780,49,15,2,353.18,2024-09-28,West
781,98,74,3,297.12,2023-12-03,West
782,93,100,1,376.88,2023-04-02,West
783,156,56,2,125.72,2025-01-06,North
784,5,40,1,211.92,2024-08-23,West
785,2,99,4,453.95,2024-04-03,South
786,122,86,4,202.75,2025-01-14,West
787,30,78,4,449.97,2024-03-09,East
788,116,55,2,109.59,2024-02-15,South
789,76,54,3,210.06,2023-04-05,West
790,30,24,1,473.69,2023-10-01,North
791,141,48,2,463.61,2023-10-09,East
792,177,35,4,61.98,2024-03-14,South
793,128,7,1,228.75,2024-01-02,North
794,150,87,4,468.66,2025-07-25,East
795,60,49,2,480.01,2023-12-02,North
796,11,82,3,480.6,2024-11-01,North
797,72,77,2,144.98,2023-02-03,West
798,6,37,1,117.16,2025-03-24,West
799,39,79,4,471.82,2024-03-24,East
800,154,90,1,53.54,2025-04-26,East
801,52,30,1,112.74,2024-01-08,East
802,190,62,4,438.83,2023-03-22,South
803,66,100,2,221.42,2024-09-19,East
804,161,96,1,341.38,2023-09-14,North
805,53,51,3,326.68,2024-08-03,North
806,39,21,4,341.46,2025-08-27,North
807,54,31,3,280.3,2024-10-20,North
808,35,22,4,89.86,2024-09-17,South
809,183,51,3,42.36,2024-11-05,North
810,18,13,4,384.29,2023-09-13,North
811,190,79,2,135.95,2025-03-26,North
812,86,43,3,205.59,2025-07-20,West
813,39,6,3,35.06,2025-02-02,East
814,14,39,4,304.64,2025-05-31,West
815,21,61,1,271.77,2023-10-20,West
816,140,19,2,419.8,2024-06-23,North
817,153,7,1,406.08,2025-09-12,North
818,154,48,2,477.89,2024-01-01,South
819,77,39,3,224.26,2023-08-15,East
820,47,30,1,405.39,2023-12-28,East
821,196,8,1,91.09,2023-11-08,South
822,78,84,3,119.48,2025-06-10,North
823,60,88,3,246.44,2023-01-27,West
824,54,73,4,173.85,2025-08-28,North
825,179,100,2,406.27,2023-04-23,West
826,98,61,2,81.31,2024-12-14,South
827,54,30,3,144.37,2025-05-06,West
828,99,26,4,254.67,2024-04-17,North
829,149,87,3,39.3,2023-11-01,West
830,145,4,3,255.65,2025-02-10,South
831,81,45,1,449.77,2025-09-19,North
832,71,52,1,408.13,2025-08-22,West
833,151,44,4,238.57,2024-09-27,West
834,28,94,4,287.29,2023-12-17,South
835,97,75,3,179.48,2025-04-05,North
836,104,20,3,32.92,2024-01-05,East
837,42,70,1,231.07,2023-08-02,East
838,106,52,2,390.02,2025-07-04,South
839,110,49,1,389.27,2023-11-16,East
840,45,91,4,499.18,2023-12-09,North
841,3,82,2,411.03,2025-06-25,East
842,97,77,3,292.39,2024-04-15,East
843,120,41,4,157.99,2023-07-01,West
844,9,54,1,213.3,2025-01-20,East
845,132,83,2,382.99,2024-06-14,South
846,108,31,1,97.14,2024-09-01,West
847,151,20,4,178.28,2023-05-25,South
848,180,26,2,443.41,2024-09-21,East
849,46,23,2,45.33,2023-05-06,East
850,178,61,3,495.79,2023-12-31,East
851,29,46,3,83.05,2023-06-01,West
852,40,6,3,277.17,2023-02-21,North
853,116,37,1,304.77,2024-08-02,East
854,95,87,4,337.67,2024-07-09,South
855,27,59,3,306.68,2023-12-20,South
856,58,41,3,435.34,2024-12-31,North
857,74,93,3,127.2,2023-03-18,South
858,18,47,2,196.1,2024-08-22,North
859,45,71,2,77.29,2024-02-11,East
860,1,49,4,125.32,2024-07-16,North
861,182,53,1,400.63,2025-05-23,North
862,100,42,1,228.06,2025-06-24,North
863,174,91,4,32.71,2024-06-13,West
864,6,58,3,330.81,2025-02-13,South
865,185,93,1,368.05,2024-02-06,South
866,80,70,1,280.56,2025-04-27,East
867,57,11,1,271.89,2024-12-24,North
868,114,2,3,457.91,2024-06-04,South
869,69,85,1,338.18,2023-08-16,West
870,144,88,4,225.98,2025-01-11,South
871,7,67,1,176.64,2025-05-01,East
872,91,14,3,17.2,2024-08-31,East
873,55,41,1,437.06,2023-10-02,South
874,35,32,2,162.55,2023-08-07,East
875,193,35,1,448.91,2024-10-02,East
876,63,89,2,416.2,2023-05-03,East
877,68,25,4,422.29,2024-06-03,West
878,94,72,3,79.04,2023-07-15,West
879,47,10,4,246.38,2024-09-12,West
880,166,28,4,440.21,2024-08-16,South
881,77,50,4,158.36,2023-08-25,North
882,55,1,4,161.03,2025-04-13,North
883,187,16,4,459.36,2023-10-22,East
884,190,78,3,440.22,2023-04-13,South
885,36,99,4,386.61,2024-06-25,West
886,155,92,4,270.37,2023-10-29,North
887,130,81,1,95.98,2025-04-22,North
888,152,47,3,453.14,2024-05-23,North
889,100,81,1,340.36,2025-04-21,South
890,159,70,1,474.76,2023-02-12,North
891,15,93,2,339.62,2025-04-19,East
892,84,54,3,68.47,2025-08-01,North
893,34,50,3,64.63,2025-07-27,North
894,125,8,2,406.34,2024-12-05,West
895,33,10,4,150.46,2023-06-04,South
896,182,36,4,162.64,2024-02-28,West
897,19,99,2,416.44,2023-04-03,South
898,161,75,4,486.83,2025-02-24,South
899,195,47,3,263.79,2024-07-05,West
900,16,77,4,452.4,2023-03-21,North
901,117,79,4,151.29,2023-10-10,West
902,112,71,4,63.45,2023-02-16,South
903,54,78,4,126.38,2024-05-14,North
904,143,1,3,105.09,2025-09-22,West
905,152,8,3,446.94,2025-05-21,South
906,112,11,4,412.8,2024-04-13,North
907,112,33,4,102.55,2025-09-02,South
908,49,81,4,117.21,2023-02-17,South
909,102,27,3,479.09,2024-01-09,East
910,195,62,4,134.8,2024-06-02,West
911,119,51,1,361.47,2023-11-09,North
912,17,76,1,333.73,2023-04-22,North
913,190,100,2,294.63,2025-03-29,East
914,100,72,2,142.01,2024-10-27,South
915,101,80,2,195.43,2023-10-31,West
916,89,87,1,350.7,2025-06-04,West
917,68,100,1,353.82,2024-12-23,South
918,149,2,3,277.14,2024-12-30,East
919,151,75,2,146.01,2025-09-11,North
920,52,2,1,174.44,2023-07-22,South
921,164,94,2,279.2,2023-01-30,North
922,151,42,2,305.71,2023-02-28,West
923,150,83,4,80.15,2023-12-27,West
924,78,51,4,280.92,2024-05-11,East
925,2,95,3,18.19,2024-08-20,North
926,76,90,3,300.12,2025-01-29,West
927,147,45,3,273.96,2024-05-25,East
928,2,26,1,186.22,2024-10-07,North
929,93,83,4,85.32,2023-02-05,East
930,62,16,1,77.56,2024-02-12,North
931,121,69,3,212.99,2023-10-21,South
932,3,15,4,37.61,2023-05-23,North
933,52,14,4,462.88,2023-10-04,South
934,124,63,2,194.52,2024-01-24,South
935,190,14,4,410.55,2024-12-03,East
936,97,28,3,284.52,2023-12-23,East
937,47,1,2,127.07,2024-04-07,East
938,143,78,1,293.73,2023-07-19,East
939,61,69,3,165.5,2025-05-04,West
940,51,88,1,426.1,2025-01-23,South
941,81,72,2,345.35,2025-08-11,North
942,26,31,2,491.94,2025-04-20,South
943,68,88,4,486.38,2024-08-06,East
944,139,44,1,332.53,2024-01-03,North
945,182,62,4,15.97,2024-01-14,East
946,104,74,2,191.0,2025-07-14,East
947,6,50,2,390.41,2025-06-02,West
948,125,72,1,423.55,2025-06-28,South
949,159,14,1,56.89,2023-07-11,North
950,117,21,4,317.08,2024-01-16,South
951,24,21,4,29.47,2025-05-29,North
952,145,93,4,45.19,2025-05-26,West
953,162,52,2,473.57,2025-06-14,South
954,165,19,4,44.75,2024-06-19,East
955,103,1,2,170.61,2023-01-10,West
956,161,76,2,411.03,2023-03-12,West
957,104,53,3,308.14,2024-09-07,North
958,197,61,2,232.39,2023-10-06,North
959,177,10,3,238.8,2024-01-10,North
960,61,76,2,33.66,2023-12-10,North
961,152,94,2,38.23,2024-11-30,East
962,66,79,4,386.83,2024-10-13,West
963,109,19,2,380.61,2025-01-19,North
964,134,14,4,434.33,2025-04-06,South
965,55,55,4,473.43,2023-08-21,East
966,103,90,3,286.36,2025-08-05,West
967,155,79,2,388.29,2023-05-26,West
968,159,98,2,183.12,2023-03-03,North
969,81,35,4,92.2,2025-05-08,East
970,8,20,2,319.68,2025-09-10,East
971,66,12,3,282.89,2024-11-02,East
972,37,42,2,379.4,2024-11-27,East
973,64,92,4,320.54,2023-06-17,North
974,156,80,4,344.01,2024-01-11,East
975,159,81,2,310.13,2023-02-23,South
976,94,56,2,53.89,2024-01-29,East
977,12,4,1,23.28,2024-03-20,West
978,181,18,3,49.45,2025-03-19,West
979,118,96,3,329.29,2025-01-30,East
980,106,72,3,411.31,2025-07-08,North
981,115,62,2,339.09,2024-07-31,North
982,23,26,4,82.13,2024-10-12,West
983,125,92,2,132.0,2023-05-07,East
984,176,96,2,43.05,2023-12-29,West
985,121,97,2,253.46,2025-06-18,North
986,4,3,2,490.02,2024-11-07,West
987,68,65,3,164.27,2025-03-11,East
988,59,36,3,30.02,2023-11-22,North
989,44,88,2,362.29,2023-05-24,West
990,83,51,1,238.09,2023-01-06,South
991,199,59,2,246.11,2024-12-18,North
992,180,41,3,114.66,2024-11-26,West
993,63,88,4,476.04,2025-01-08,South
994,74,36,1,464.77,2024-03-23,South
995,131,48,4,175.62,2025-02-22,North
996,91,55,3,228.24,2024-04-08,South
997,123,33,3,260.72,2024-04-27,North
998,65,25,1,162.58,2025-07-10,North
999,67,42,4,91.36,2025-07-01,East
1000,33,11,1,110.16,2024-09-30,East
