Date,ProductID,Region,Sales,Price,Cost,PromotionCode,Profit
2022-04-14,P154,West Tina,15,99.16,58.33,PROMO_smy,1429.07
2022-04-15,P154,New Laura,19,45.12,36.91,PROMO_iPQ,820.37
2022-04-16,P100,South Johnview,32,17.46,13.97,PROMO_Cui,544.75
2022-04-17,P107,Port Alex,26,97.08,52.33,,2471.75
2022-04-18,P103,Sarahton,93,98.49,62.52,,9097.05
2022-04-19,P184,South Meredith,53,22.77,52.13,,1154.68
2022-04-20,P185,Duffyland,50,87.16,48.28,,4309.72
2022-04-21,P152,Lindsayland,24,42.09,20.66,,989.5
2022-04-22,P157,Romanton,53,41.23,52.68,PROMO_JAr,2132.51
2022-04-23,P136,Colliershire,67,29.96,28.78,PROMO_rLy,1978.54
2022-04-24,P148,Port Tyler,95,9.25,73.81,,804.94
2022-04-25,P166,Zoeberg,59,30.46,53.34,,1743.8
2022-04-26,P118,North Alexanderland,61,10.11,24.42,,592.29
2022-04-27,P100,Scottview,79,92.82,39.42,,7293.36
2022-04-28,P128,Jacquelineshire,77,67.86,68.19,,5157.03
2022-04-29,P186,East William,72,89.23,28.83,,6395.73
2022-04-30,P132,Lake Christopher,67,73.14,43.46,PROMO_iuf,4856.92
2022-05-01,P151,Obrienport,32,17.47,55.33,PROMO_CkF,503.71
2022-05-02,P140,Smithfort,53,94.36,61.1,PROMO_PTb,4939.98
2022-05-03,P122,Lancetown,92,90.49,16.39,,8308.69
2022-05-04,P104,North Rebecca,53,38.07,46.52,,1971.19
2022-05-05,P170,West Sean,61,15.6,73.24,,878.36
2022-05-06,P156,New Kylemouth,76,71.89,77.56,PROMO_zca,5386.08
2022-05-07,P105,Jeremyside,37,74.19,53.52,PROMO_MRQ,2691.51
2022-05-08,P148,Lawrencefort,76,90.2,78.74,,6776.46
2022-05-09,P121,North Wendymouth,87,10.0,46.95,PROMO_oCS,823.05
2022-05-10,P176,Port Christopher,27,18.46,37.08,,461.34
2022-05-11,P175,Lake Jennifer,36,61.83,45.47,,2180.41
2022-05-12,P103,Ramosberg,60,63.82,11.91,PROMO_atw,3817.29
2022-05-13,P171,Sweeneyville,69,8.19,33.93,PROMO_Apb,531.18
2022-05-14,P163,Port Brianberg,83,42.71,38.3,,3506.63
2022-05-15,P136,Hensonland,58,60.5,68.34,,3440.66
2022-05-16,P130,Brownshire,24,75.1,61.42,,1740.98
2022-05-17,P136,Ernestview,92,35.03,49.31,,3173.45
2022-05-18,P144,East Danielle,82,50.97,29.74,PROMO_BRE,4149.8
2022-05-19,P189,West Antonioshire,77,82.34,17.4,,6322.78
2022-05-20,P107,Lake Katherine,24,95.62,29.78,,2265.1
2022-05-21,P139,Woodfort,60,26.88,55.34,,1557.46
2022-05-22,P196,Marshallmouth,57,29.04,23.25,PROMO_nyl,1632.03
2022-05-23,P192,West James,81,94.28,35.87,PROMO_nHK,7600.81
2022-05-24,P104,Arthurton,10,42.61,32.78,PROMO_JQI,393.32
2022-05-25,P127,Port Andrew,16,73.24,61.95,,1109.89
2022-05-26,P180,East Matthew,62,63.17,71.05,PROMO_vNI,3845.49
2022-05-27,P186,Gavinburgh,40,32.13,56.85,,1228.35
2022-05-28,P108,Port Rachel,27,67.09,29.3,,1782.13
2022-05-29,P101,Richardside,21,67.28,36.35,PROMO_fps,1376.53
2022-05-30,P162,Kimberlyberg,57,61.28,14.04,,3478.92
2022-05-31,P195,Lake Melissastad,39,14.47,15.94,,548.39
2022-06-01,P150,Kingmouth,16,99.54,15.65,,1576.99
2022-06-02,P130,West Amanda,12,43.04,13.06,,503.42
2022-06-03,P106,Jeromehaven,72,65.63,16.83,,4708.53
2022-06-04,P129,South Katelynborough,15,89.15,18.61,PROMO_LBv,1318.64
2022-06-05,P157,West Scottburgh,24,45.21,11.61,,1073.43
2022-06-06,P102,Brownville,80,78.52,52.3,,6229.3
2022-06-07,P150,Allenborough,52,97.32,79.26,PROMO_vvD,4981.38
2022-06-08,P155,Jessicashire,90,39.1,70.7,PROMO_lwc,3448.3
2022-06-09,P172,Jacksonburgh,27,43.5,6.51,,1167.99
2022-06-10,P109,Lake Jessicastad,31,91.03,35.58,,2786.35
2022-06-11,P160,Brownside,70,20.17,69.17,,1342.73
2022-06-12,P149,Marystad,70,7.72,13.37,,527.03
2022-06-13,P146,West Tricia,62,91.34,68.27,,5594.81
2022-06-14,P189,North Susan,35,83.05,48.64,,2858.11
2022-06-15,P100,Sherryborough,49,97.4,74.71,,4697.89
2022-06-16,P193,Matthewsmouth,97,10.53,70.46,,950.95
2022-06-17,P156,North Rodney,17,19.84,55.13,,282.15
2022-06-18,P137,Ashleyside,30,15.0,53.65,,396.35
2022-06-19,P161,Liburgh,52,69.92,19.41,,3616.43
2022-06-20,P178,Lake John,30,62.57,11.99,,1865.11
2022-06-21,P188,Haleyview,12,39.14,34.99,,434.69
2022-06-22,P169,North Tracishire,40,10.46,17.37,,401.03
2022-06-23,P181,Carterfurt,36,65.77,10.89,,2356.83
2022-06-24,P164,Hollandville,36,59.16,26.28,PROMO_xcI,2103.48
2022-06-25,P161,Bryantbury,82,15.73,69.26,,1220.6
2022-06-26,P155,Alexandrachester,66,91.35,4.32,,6024.78
2022-06-27,P166,Lawrencetown,42,23.9,25.53,,978.27
2022-06-28,P116,Lake Jared,99,75.63,35.65,,7451.72
2022-06-29,P107,Penabury,53,89.08,42.31,PROMO_Jis,4678.93
2022-06-30,P159,Deborahborough,52,60.05,16.98,,3105.62
2022-07-01,P139,Port Carolinefurt,40,28.45,77.24,,1060.76
2022-07-02,P180,Isabelfurt,74,34.38,47.57,,2496.55
2022-07-03,P188,Kellyborough,93,89.15,43.2,PROMO_ylr,8247.75
2022-07-04,P161,Ramosville,85,33.33,3.68,PROMO_OLv,2829.37
2022-07-05,P140,New Zachary,26,75.89,40.4,,1932.74
2022-07-06,P111,Matthewton,24,99.07,67.5,,2310.18
2022-07-07,P192,East Brittany,43,99.98,19.91,PROMO_yZP,4279.23
2022-07-08,P188,East Tyler,89,55.68,30.04,PROMO_iwK,4925.48
2022-07-09,P199,Martinchester,13,83.52,4.58,,1081.18
2022-07-10,P153,Lake Michael,81,99.07,78.22,,7946.45
2022-07-11,P188,Guerreroview,98,40.59,8.13,,3969.69
2022-07-12,P192,Shawnville,88,28.98,72.16,,2478.08
2022-07-13,P110,Buckside,37,15.85,27.1,,559.35
2022-07-14,P159,North Nataliestad,82,18.39,48.24,,1459.74
2022-07-15,P167,South Jonathantown,11,86.09,55.31,PROMO_xmy,891.68
2022-07-16,P177,Kingville,26,60.93,13.84,,1570.34
2022-07-17,P145,East Tracyton,67,88.0,37.17,PROMO_bKC,5858.83
2022-07-18,P137,Priceberg,83,80.0,28.06,,6611.94
2022-07-19,P160,Allenmouth,18,69.01,7.36,PROMO_KSj,1234.82
2022-07-20,P116,North Kelly,40,62.88,67.16,,2448.04
2022-07-21,P165,Lake Bethany,75,9.59,6.48,,712.77
2022-07-22,P171,New Gregg,97,87.87,53.3,,8470.09
2022-07-23,P135,Johnland,71,44.69,27.18,,3145.81
2022-07-24,P173,Michaelburgh,28,58.18,17.79,PROMO_zJn,1611.25
2022-07-25,P106,Mcdanielstad,90,7.09,54.37,,583.73
2022-07-26,P199,North Stephaniefort,83,93.93,47.24,,7748.95
2022-07-27,P115,South William,64,90.76,27.27,,5781.37
2022-07-28,P113,Haroldtown,37,56.61,42.5,PROMO_JSw,2052.07
2022-07-29,P179,East Ericstad,59,59.84,21.96,,3508.6
2022-07-30,P124,Port Sean,74,71.98,69.5,,5257.02
2022-07-31,P103,Schmidtland,12,30.15,27.16,,334.64
2022-08-01,P128,Harriston,88,26.08,21.88,,2273.16
2022-08-02,P155,Oliverville,61,69.03,60.89,PROMO_HEN,4149.94
2022-08-03,P105,South Jennifer,19,14.92,4.35,,279.13
2022-08-04,P100,Sheliamouth,30,48.14,23.64,,1420.56
2022-08-05,P138,South Justinberg,46,51.81,31.91,,2351.35
2022-08-06,P100,Huntertown,24,41.23,70.93,,918.59
2022-08-07,P162,Kennethfurt,96,22.6,76.18,,2093.42
2022-08-08,P156,South Cynthiaburgh,87,38.76,58.17,,3313.95
2022-08-09,P166,Edwardsport,88,37.07,40.92,,3221.24
2022-08-10,P164,South Courtney,83,52.43,52.33,,4299.36
2022-08-11,P164,New Jessicaland,18,69.09,34.88,,1208.74
2022-08-12,P120,Port Donaldburgh,53,96.98,26.01,,5113.93
2022-08-13,P129,Shawnborough,48,18.7,76.2,,821.4
2022-08-14,P195,Lambertfort,14,87.94,11.89,PROMO_Jou,1219.27
2022-08-15,P132,Alvarezborough,34,32.0,29.67,PROMO_MjF,1058.33
2022-08-16,P147,Jessicafurt,65,61.18,72.23,,3904.47
2022-08-17,P121,Steelefurt,99,56.94,58.68,,5578.38
2022-08-18,P193,East Zachary,73,57.91,5.24,,4222.19
2022-08-19,P153,Hendersonbury,81,73.72,4.78,PROMO_PHH,5966.54
2022-08-20,P103,Lake Justinport,95,41.26,42.77,PROMO_FDC,3876.93
2022-08-21,P186,Port Joshua,61,35.31,40.29,,2113.62
2022-08-22,P154,Port Sarashire,98,86.02,37.11,,8392.85
2022-08-23,P143,South Michelle,85,25.91,26.28,,2176.07
2022-08-24,P188,West Angelastad,18,22.12,78.97,,319.19
2022-08-25,P111,Bryantown,19,6.48,23.94,PROMO_ODk,99.18
2022-08-26,P180,South Erinbury,19,25.0,40.73,,434.27
2022-08-27,P178,Lake Sandra,82,54.26,34.18,PROMO_YBG,4415.14
2022-08-28,P173,South Justin,71,56.16,16.11,,3971.25
2022-08-29,P198,Port Edward,99,29.17,18.6,,2869.23
2022-08-30,P151,South Ashley,69,11.87,73.71,,745.32
2022-08-31,P192,Lake Markside,28,75.74,69.09,,2051.63
2022-09-01,P175,Wellstown,47,77.01,18.33,PROMO_dqE,3601.14
2022-09-02,P164,New James,15,99.79,70.43,,1426.42
2022-09-03,P164,New Tonya,24,90.5,19.11,,2152.89
2022-09-04,P109,Lake Jason,56,92.98,51.24,,5155.64
2022-09-05,P117,Lake Andrea,54,80.83,9.26,,4355.56
2022-09-06,P146,Port Joyceshire,14,63.47,70.79,,817.79
2022-09-07,P165,Henryshire,87,17.21,6.97,PROMO_gex,1490.3
2022-09-08,P148,Lake Omar,62,64.12,45.73,,3929.71
2022-09-09,P171,South Daniellechester,75,10.32,63.04,,710.96
2022-09-10,P121,Lucashaven,71,89.1,12.0,PROMO_JYR,6314.1
2022-09-11,P185,Lake Ashleytown,32,50.77,34.14,,1590.5
2022-09-12,P125,Oscarfurt,53,71.26,6.23,,3770.55
2022-09-13,P189,South Sara,61,9.96,55.57,,551.99
2022-09-14,P108,Hopkinsport,55,55.75,26.67,,3039.58
2022-09-15,P120,East Michaelfurt,28,33.62,46.07,PROMO_ynp,895.29
2022-09-16,P194,Lake Carlosland,97,32.07,74.82,,3035.97
2022-09-17,P162,North Brandiview,93,42.02,26.55,,3881.31
2022-09-18,P105,East Richardport,56,5.06,6.74,,276.62
2022-09-19,P113,Danielside,61,49.33,55.02,,2954.11
2022-09-20,P132,Schneiderstad,33,51.22,63.59,,1626.67
2022-09-21,P170,North Meganfort,26,87.0,76.76,,2185.24
2022-09-22,P123,Hamiltonton,98,47.61,15.15,PROMO_sUa,4650.63
2022-09-23,P172,Samanthaland,55,39.54,33.19,,2141.51
2022-09-24,P174,Santiagoside,73,99.5,68.0,,7195.5
2022-09-25,P186,West Laurenview,37,59.27,65.13,,2127.86
2022-09-26,P150,New Connor,59,49.9,51.11,,2892.99
2022-09-27,P101,Julianchester,73,52.11,23.74,,3780.29
2022-09-28,P114,Port Bradleymouth,37,81.87,24.87,,3004.32
2022-09-29,P134,Davidland,95,37.36,12.55,,3536.65
2022-09-30,P135,Amandamouth,65,41.97,73.98,,2654.07
2022-10-01,P191,Lake Annemouth,68,76.81,16.32,,5206.76
2022-10-02,P138,Port Sheryl,14,11.93,47.11,,119.91
2022-10-03,P103,Henryville,63,87.19,48.0,,5444.97
2022-10-04,P163,East Sarah,53,45.87,31.46,PROMO_uXv,2399.65
2022-10-05,P173,West Arthurton,51,60.22,30.14,,3041.08
2022-10-06,P105,West Carolynville,81,76.96,54.48,PROMO_waD,6179.28
2022-10-07,P156,Davidfort,66,30.27,32.9,,1964.92
2022-10-08,P129,Michaelfurt,56,89.58,22.64,PROMO_AYC,4993.84
2022-10-09,P198,North Jessicaberg,85,98.03,33.73,,8298.82
2022-10-10,P173,East Bernardport,34,51.96,65.19,,1701.45
2022-10-11,P195,Williamsland,53,94.01,77.42,PROMO_Gus,4905.11
2022-10-12,P166,Zimmermanmouth,24,5.11,51.97,,70.67
2022-10-13,P189,Frostbury,60,89.95,63.22,,5333.78
2022-10-14,P114,West Sarah,62,34.55,44.03,PROMO_kkh,2098.07
2022-10-15,P116,New Paul,43,34.59,51.11,,1436.26
2022-10-16,P190,Marshallbury,86,26.67,79.08,,2214.54
2022-10-17,P117,New Richard,17,35.12,36.76,,560.28
2022-10-18,P118,East Don,86,25.28,8.1,,2165.98
2022-10-19,P175,West Bethanyhaven,79,91.06,76.69,,7117.05
2022-10-20,P187,West Kerri,30,90.41,64.07,PROMO_dAO,2648.23
2022-10-21,P168,South Donna,16,14.71,33.67,,201.69
2022-10-22,P123,West Carolyn,99,18.57,78.64,PROMO_OlN,1759.79
2022-10-23,P190,Lake Jennifertown,88,86.89,29.61,,7616.71
2022-10-24,P147,Port Monica,65,42.9,31.65,PROMO_Gzb,2756.85
2022-10-25,P129,South Jamestown,58,21.08,49.95,,1172.69
2022-10-26,P114,Lake Gloriaton,51,53.51,24.12,PROMO_nik,2704.89
2022-10-27,P146,Davisbury,32,44.58,56.79,,1369.77
2022-10-28,P143,North Michele,61,25.82,14.77,PROMO_yMG,1560.25
2022-10-29,P197,South Jessica,88,73.47,11.32,,6454.04
2022-10-30,P126,Cindymouth,62,64.97,44.19,,3983.95
2022-10-31,P183,Bryanttown,25,14.47,45.77,,315.98
2022-11-01,P163,East Larry,46,92.91,11.21,,4262.65
2022-11-02,P140,Lake Joannaburgh,27,58.05,77.24,,1490.11
2022-11-03,P195,Jennashire,29,28.77,47.14,,787.19
2022-11-04,P167,Lake Gary,55,24.6,14.63,,1338.37
2022-11-05,P104,South Nancyland,11,17.92,26.98,,170.14
2022-11-06,P152,West Seth,96,45.34,64.62,,4288.02
2022-11-07,P107,West Madelinechester,72,17.88,43.29,,1244.07
2022-11-08,P121,West Tina,12,44.5,17.49,PROMO_iNj,516.51
2022-11-09,P106,Lake Adamtown,55,19.13,10.92,PROMO_lIX,1041.23
2022-11-10,P121,East Travisfort,58,67.4,36.17,,3873.03
2022-11-11,P145,East Alexisborough,10,79.6,28.98,,767.02
2022-11-12,P129,Port Daniel,31,57.2,53.51,,1719.69
2022-11-13,P115,Reneemouth,23,69.61,74.24,PROMO_HsY,1526.79
2022-11-14,P178,Port Carrietown,94,94.15,22.08,,8828.02
2022-11-15,P104,East Diane,54,65.65,68.85,,3476.25
2022-11-16,P166,Hinesberg,15,39.6,73.88,,520.12
2022-11-17,P122,South Kristina,74,47.7,72.45,PROMO_ipS,3457.35
2022-11-18,P160,New Anthonyborough,30,86.75,76.31,,2526.19
2022-11-19,P173,South Nicoleland,13,17.42,67.84,,158.62
2022-11-20,P104,Wileymouth,12,35.95,48.7,,382.7
2022-11-21,P122,Benjaminhaven,39,59.84,34.56,,2299.2
2022-11-22,P178,South Caroline,40,69.26,40.86,,2729.54
2022-11-23,P181,North Audreyhaven,43,77.53,70.19,,3263.6
2022-11-24,P124,Lake Diane,92,35.23,26.21,PROMO_ujm,3214.95
2022-11-25,P107,Jordanhaven,29,18.86,15.26,,531.68
2022-11-26,P194,Port Victor,96,95.71,13.84,PROMO_TQM,9174.32
2022-11-27,P120,Leblancmouth,63,12.26,66.68,,705.7
2022-11-28,P101,Hessfort,34,14.1,61.63,,417.77
2022-11-29,P121,Josephberg,24,52.02,41.32,PROMO_Qow,1207.16
2022-11-30,P171,East Christopher,47,82.83,24.17,,3868.84
2022-12-01,P186,Seanside,32,78.58,55.18,,2459.38
2022-12-02,P195,Williamstad,61,94.08,5.96,PROMO_SGT,5732.92
2022-12-03,P171,South Stanley,75,18.45,46.75,,1337.0
2022-12-04,P167,Lake Charles,66,40.69,33.68,,2651.86
2022-12-05,P163,East Sarah,66,31.8,78.3,PROMO_pSG,2020.5
2022-12-06,P193,Parkerchester,88,86.78,42.08,,7594.56
2022-12-07,P118,Susanport,61,51.39,45.52,,3089.27
2022-12-08,P186,Edwardside,44,7.55,57.85,PROMO_wcU,274.35
2022-12-09,P181,West Kelli,83,72.26,40.31,,5957.27
2022-12-10,P152,Velasquezmouth,23,41.93,20.29,,944.1
2022-12-11,P192,South Megan,23,55.46,44.37,PROMO_vjE,1231.21
2022-12-12,P186,Lake Scott,42,89.91,75.71,,3700.51
2022-12-13,P196,South Victoria,61,29.39,34.56,PROMO_LWj,1758.23
2022-12-14,P151,Steeletown,10,27.83,55.33,PROMO_KlL,222.97
2022-12-15,P146,Port Patriciafort,43,30.0,78.31,,1211.69
2022-12-16,P181,Port Jessicachester,28,37.12,66.9,,972.46
2022-12-17,P153,North Amystad,33,15.2,53.75,,447.85
2022-12-18,P143,West Matthew,13,71.24,59.67,,866.45
2022-12-19,P196,Port Kennethside,45,24.7,75.11,PROMO_pry,1036.39
2022-12-20,P106,Lake Rachelland,86,92.98,76.9,,7919.38
2022-12-21,P191,Keithmouth,67,25.49,77.61,,1630.22
2022-12-22,P100,New Bradleymouth,41,29.29,51.17,,1149.72
2022-12-23,P162,Dillonstad,18,33.22,32.62,PROMO_ctX,565.34
2022-12-24,P197,Toddtown,89,78.01,13.25,,6929.64
2022-12-25,P138,Carrilloland,76,45.62,32.69,PROMO_GhU,3434.43
2022-12-26,P118,West Brandonmouth,29,82.84,75.61,,2326.75
2022-12-27,P130,Cartershire,83,79.56,71.51,PROMO_nUH,6531.97
2022-12-28,P176,Tracyhaven,71,93.3,43.32,,6580.98
2022-12-29,P123,East Emily,67,76.88,44.35,,5106.61
2022-12-30,P168,North Robertside,31,9.93,26.79,PROMO_zJp,281.04
2022-12-31,P186,West Loriborough,76,84.54,38.0,,6387.04
2023-01-01,P182,North Lee,84,94.12,58.01,,7848.07
2023-01-02,P164,Geraldport,98,99.4,33.99,PROMO_OJC,9707.21
2023-01-03,P132,East Jessemouth,57,16.9,17.47,,945.83
2023-01-04,P158,Smithhaven,17,63.26,44.65,,1030.77
2023-01-05,P132,Kimberlyton,82,23.95,20.35,,1943.55
2023-01-06,P131,West James,24,29.94,78.02,PROMO_trz,640.54
2023-01-07,P158,Elizabethville,41,75.83,33.06,,3075.97
2023-01-08,P191,Jacksonmouth,62,97.88,73.04,,5995.52
2023-01-09,P140,Hunthaven,76,61.51,20.37,,4654.39
2023-01-10,P111,Kimberlybury,13,85.81,17.57,,1097.96
2023-01-11,P172,Port Catherine,39,5.84,50.5,PROMO_stu,177.26
2023-01-12,P110,North Richard,22,8.48,63.01,,123.55
2023-01-13,P196,Kennedystad,30,61.69,46.64,,1804.06
2023-01-14,P118,Danielfurt,50,41.95,20.69,,2076.81
2023-01-15,P153,Jamesberg,28,89.53,5.92,,2500.92
2023-01-16,P156,Donaldberg,57,33.69,50.61,PROMO_FKb,1869.72
2023-01-17,P141,Michaelborough,95,46.04,13.09,,4360.71
2023-01-18,P197,Port Adam,72,55.15,29.42,,3941.38
2023-01-19,P170,East Marcmouth,29,30.94,55.04,,842.22
2023-01-20,P130,Johnsonstad,73,91.31,10.55,PROMO_XCd,6655.08
2023-01-21,P151,Markmouth,46,49.13,12.8,,2247.18
2023-01-22,P101,South Bryan,40,45.29,7.75,,1803.85
2023-01-23,P182,Ryanfurt,83,85.73,79.7,PROMO_ZQk,7035.89
2023-01-24,P137,Haynesbury,27,34.64,32.8,PROMO_vjW,902.48
2023-01-25,P131,East Tracyfort,29,82.66,72.75,PROMO_dyY,2324.39
2023-01-26,P109,New Kurttown,91,16.62,25.61,,1486.81
2023-01-27,P107,Larafurt,20,22.36,61.0,PROMO_rWQ,386.2
2023-01-28,P189,Bradstad,95,95.33,19.87,,9036.48
2023-01-29,P193,Allisonbury,53,85.03,41.37,,4465.22
2023-01-30,P174,Yvonnemouth,91,41.85,66.5,,3741.85
2023-01-31,P119,East James,73,65.65,65.86,,4726.59
2023-02-01,P119,Angelahaven,43,94.58,64.16,PROMO_Jxi,4002.78
2023-02-02,P108,Gibsonland,96,25.13,66.43,,2346.05
2023-02-03,P171,Smithfurt,74,10.61,19.28,PROMO_reC,765.86
2023-02-04,P114,Bernardtown,64,56.06,40.13,PROMO_IQv,3547.71
2023-02-05,P197,Melissaberg,83,18.55,40.34,,1499.31
2023-02-06,P187,Lake Jacob,10,22.8,71.57,PROMO_Jgo,156.43
2023-02-07,P196,Port Marie,47,89.7,25.86,,4190.04
2023-02-08,P162,Tarashire,18,5.7,74.73,,27.87
2023-02-09,P190,Laurachester,80,82.6,37.71,PROMO_Xrs,6570.29
2023-02-10,P120,Chelseytown,26,54.11,54.57,,1352.29
2023-02-11,P104,Jenniferton,61,58.13,23.7,,3522.23
2023-02-12,P134,Mitchellbury,27,68.82,34.59,,1823.55
2023-02-13,P184,South Jeff,72,45.99,57.65,PROMO_sna,3253.63
2023-02-14,P167,East Robert,42,15.98,42.48,,628.68
2023-02-15,P147,Lisaside,13,14.77,74.66,,117.35
2023-02-16,P179,Davismouth,96,76.66,59.76,,7299.6
2023-02-17,P194,Brownbury,84,26.0,46.46,PROMO_ggK,2137.54
2023-02-18,P189,Richmondport,61,7.67,71.27,,396.6
2023-02-19,P161,Lanefort,18,98.06,54.25,,1710.83
2023-02-20,P134,South Susanfurt,73,98.14,52.84,,7111.38
2023-02-21,P169,Johnsonshire,39,40.92,21.97,,1573.91
2023-02-22,P196,Pattersonhaven,17,7.42,33.4,,92.74
2023-02-23,P120,Everettfurt,14,74.09,55.61,,981.65
2023-02-24,P179,West Ralph,85,83.95,71.67,,7064.08
2023-02-25,P138,Kristenborough,72,16.88,27.3,,1188.06
2023-02-26,P133,Michaelborough,10,17.87,19.59,,159.11
2023-02-27,P114,North Michaelport,24,83.11,48.71,,1945.93
2023-02-28,P105,Williamschester,98,92.58,8.17,,9064.67
2023-03-01,P165,Bassfort,91,80.12,58.02,,7232.9
2023-03-02,P187,Kimberlyburgh,47,24.07,57.14,,1074.15
2023-03-03,P155,New Thomasburgh,51,44.09,30.33,,2218.26
2023-03-04,P148,Evansbury,55,62.08,71.74,,3342.66
2023-03-05,P191,North Robert,62,20.23,41.67,,1212.59
2023-03-06,P100,New Sarah,35,25.01,52.72,,822.63
2023-03-07,P164,Scottport,70,31.87,19.14,,2211.76
2023-03-08,P127,Bonillabury,76,53.4,35.14,PROMO_HdF,4023.26
2023-03-09,P199,Underwoodmouth,63,53.53,69.41,,3302.98
2023-03-10,P119,North Christopherfurt,31,82.36,19.4,PROMO_vyk,2533.76
2023-03-11,P147,Helenburgh,35,76.54,33.07,,2645.83
2023-03-12,P171,Kerrifort,92,91.8,27.49,,8418.11
2023-03-13,P164,Martinview,69,84.13,14.64,PROMO_rnJ,5790.33
2023-03-14,P189,Leefurt,48,29.12,25.31,,1372.45
2023-03-15,P150,East Troy,45,36.47,20.92,,1620.23
2023-03-16,P142,Port Susan,30,52.54,74.12,PROMO_RCg,1502.08
2023-03-17,P148,Sanderstown,50,6.36,60.06,,257.94
2023-03-18,P124,Amandamouth,57,90.87,27.34,,5152.25
2023-03-19,P173,Ryanstad,35,9.21,61.78,,260.57
2023-03-20,P175,Hernandezborough,72,35.63,4.7,PROMO_hNB,2560.66
2023-03-21,P140,Sharpborough,86,59.07,43.54,PROMO_xsh,5036.48
2023-03-22,P170,Stephaniemouth,45,54.19,22.28,,2416.27
2023-03-23,P163,North Brandonville,33,67.17,11.8,,2204.81
2023-03-24,P160,East Melissaburgh,99,55.11,71.05,PROMO_dqC,5384.84
2023-03-25,P111,Josephchester,30,26.76,18.35,,784.45
2023-03-26,P180,South Susanmouth,27,24.1,66.32,,584.38
2023-03-27,P168,Port Anna,24,91.19,34.82,,2153.74
2023-03-28,P113,Port Brian,88,30.08,4.1,,2642.94
2023-03-29,P133,North Lindaside,15,31.69,59.41,,415.94
2023-03-30,P147,Kevinborough,52,44.23,48.92,PROMO_rQt,2251.04
2023-03-31,P160,Lake Shane,40,18.25,29.5,PROMO_fiJ,700.5
2023-04-01,P180,Reedshire,37,53.19,24.68,,1943.35
2023-04-02,P134,Diazton,17,68.18,8.67,,1150.39
2023-04-03,P164,Port Amy,38,79.67,75.49,,2951.97
2023-04-04,P158,Kellyberg,30,72.59,41.04,,2136.66
2023-04-05,P135,Port Stevenland,90,19.03,9.59,,1703.11
2023-04-06,P178,New Shelbyland,97,48.33,69.89,,4618.12
2023-04-07,P118,Smithchester,67,8.67,24.47,,556.42
2023-04-08,P141,West Brenttown,69,6.69,18.68,,442.93
2023-04-09,P168,Lake Joshuastad,59,46.81,24.63,,2737.16
2023-04-10,P118,Freemanmouth,40,29.03,46.47,,1114.73
2023-04-11,P138,Port Destiny,56,69.92,8.7,,3906.82
2023-04-12,P168,Sheltonmouth,43,73.8,40.1,,3133.3
2023-04-13,P151,Frymouth,11,90.06,71.97,PROMO_gab,918.69
2023-04-14,P111,West Charlesbury,76,77.26,17.49,PROMO_owC,5854.27
2023-04-15,P182,Allenville,81,9.58,28.5,,747.48
2023-04-16,P146,Gloriaborough,61,40.3,33.5,,2424.8
2023-04-17,P175,Haleyburgh,16,30.94,48.14,,446.9
2023-04-18,P135,Yvonnefurt,85,41.68,73.78,,3469.02
2023-04-19,P162,Lake Joshuaville,28,20.21,33.38,,532.5
2023-04-20,P175,Traceyton,99,14.28,8.32,PROMO_Ndc,1405.4
2023-04-21,P181,Lake Robert,24,54.49,29.79,,1277.97
2023-04-22,P150,South Austin,87,73.44,17.64,,6371.64
2023-04-23,P142,Port Christopherfort,57,71.68,53.19,,4032.57
2023-04-24,P133,Port Jenniferton,23,47.84,5.25,,1095.07
2023-04-25,P196,Marymouth,12,54.62,25.48,,629.96
2023-04-26,P148,North Dwaynestad,59,54.05,44.98,,3143.97
2023-04-27,P117,West Raymond,63,70.7,24.35,,4429.75
2023-04-28,P160,North Samuelmouth,15,9.55,45.43,,97.82
2023-04-29,P156,Longhaven,58,72.44,11.83,PROMO_SKp,4189.69
2023-04-30,P192,Erinshire,32,60.31,75.6,,1854.32
2023-05-01,P104,Rossstad,87,23.82,25.4,,2046.94
2023-05-02,P188,Walkerland,87,9.66,74.07,,766.35
2023-05-03,P123,East Anthony,29,15.31,28.09,,415.9
2023-05-04,P192,Karenfort,86,54.85,63.2,,4653.9
2023-05-05,P163,Lake Nicholas,69,77.05,21.96,,5294.49
2023-05-06,P158,Adamsfort,54,36.79,54.57,,1932.09
2023-05-07,P137,Costashire,70,41.02,27.93,,2843.47
2023-05-08,P132,West Ericton,65,93.74,42.21,,6050.89
2023-05-09,P109,North Connieborough,11,25.24,54.88,,222.76
2023-05-10,P136,South Suzanne,54,14.86,48.34,,754.1
2023-05-11,P196,Danielfort,49,37.62,47.37,,1796.01
2023-05-12,P186,East Michaelberg,33,75.86,8.06,,2495.32
2023-05-13,P110,Floresmouth,38,64.48,22.18,,2428.06
2023-05-14,P123,West Rebecca,76,44.5,47.03,,3334.97
2023-05-15,P187,Tapiatown,77,96.65,4.41,,7437.64
2023-05-16,P170,Warrenland,75,74.82,22.3,PROMO_xEB,5589.2
2023-05-17,P120,Adamsville,93,10.88,20.65,,991.19
2023-05-18,P119,South Jennifer,63,75.74,22.24,PROMO_Jfz,4749.38
2023-05-19,P109,Lake Gregory,62,7.28,44.24,,407.12
2023-05-20,P188,Mooreville,88,66.78,47.81,,5828.83
2023-05-21,P146,Thompsonborough,58,25.0,72.99,,1377.01
2023-05-22,P199,Elizabethton,41,71.16,32.72,,2884.84
2023-05-23,P146,Cunninghammouth,70,34.43,74.35,,2335.75
2023-05-24,P114,Robertside,51,87.94,53.2,,4431.74
2023-05-25,P143,Lake Angela,10,37.01,73.27,PROMO_PoZ,296.83
2023-05-26,P161,Myersstad,72,63.87,67.18,,4531.46
2023-05-27,P105,Timothyland,44,32.16,55.94,,1359.1
2023-05-28,P165,Robertstown,60,92.14,30.42,PROMO_bOR,5497.98
2023-05-29,P175,Tuckerton,80,79.19,21.57,PROMO_RRK,6313.63
2023-05-30,P103,Williamsfort,54,28.11,20.12,,1497.82
2023-05-31,P122,New Donald,86,95.14,76.32,,8105.72
2023-06-01,P112,South Andrew,74,38.93,76.81,,2804.01
2023-06-02,P180,Steeleside,23,66.93,58.81,,1480.58
2023-06-03,P130,East Margarettown,12,75.57,71.05,,835.79
2023-06-04,P115,Port Davidbury,33,7.18,73.76,,163.18
2023-06-05,P140,Tammyville,74,96.1,42.39,,7069.01
2023-06-06,P189,Kellyburgh,57,37.72,51.44,PROMO_XKG,2098.6
2023-06-07,P191,Tiffanybury,19,23.03,35.24,PROMO_bkR,402.33
2023-06-08,P100,Port Robert,22,85.82,35.22,,1852.82
2023-06-09,P111,East Alexis,82,71.78,5.96,,5880.0
2023-06-10,P155,East Angelicaview,23,13.24,36.4,,268.12
2023-06-11,P149,Katrinaburgh,19,16.12,54.86,,251.42
2023-06-12,P119,Williamston,49,72.94,35.49,,3538.57
2023-06-13,P165,Port Stefanie,32,12.1,70.18,PROMO_vFD,317.02
2023-06-14,P135,Ashleyton,64,92.13,28.61,,5867.71
2023-06-15,P178,Mitchellland,72,75.45,13.22,,5419.18
2023-06-16,P137,Ericland,80,36.87,65.49,,2884.11
2023-06-17,P121,Brownmouth,51,39.48,54.89,PROMO_SZi,1958.59
2023-06-18,P160,Katherineburgh,75,53.12,21.62,PROMO_SuM,3962.38
2023-06-19,P149,Sanchezville,88,39.29,44.31,PROMO_GZn,3413.21
2023-06-20,P195,Hallhaven,82,79.43,33.94,,6479.32
2023-06-21,P158,Lake Zachary,56,97.6,75.29,,5390.31
2023-06-22,P119,East Jamiebury,90,60.53,49.76,,5397.94
2023-06-23,P135,South Blakehaven,61,47.37,15.2,,2874.37
2023-06-24,P196,East Jacqueline,27,26.16,41.67,PROMO_xeM,664.65
2023-06-25,P114,Lake Tonyastad,88,67.08,69.42,,5833.62
2023-06-26,P161,South Melissafurt,27,70.13,54.71,,1838.8
2023-06-27,P102,Leonardberg,33,70.09,67.87,,2245.1
2023-06-28,P192,West Lisastad,32,7.56,22.28,,219.64
2023-06-29,P190,West Timothyfurt,21,90.42,71.4,,1827.42
2023-06-30,P104,Jeremymouth,32,37.12,61.18,,1126.66
2023-07-01,P155,Hardingfurt,30,75.7,59.13,,2211.87
2023-07-02,P130,North Donna,73,77.18,29.68,,5604.46
2023-07-03,P185,North Peterburgh,99,66.8,71.35,PROMO_CnF,6541.85
2023-07-04,P134,Waltershaven,81,42.51,52.12,,3391.19
2023-07-05,P170,New Krystalmouth,43,62.8,68.59,,2631.81
2023-07-06,P169,East Briannamouth,11,8.82,30.79,,66.23
2023-07-07,P125,Scottmouth,78,77.38,14.22,,6021.42
2023-07-08,P100,Lake Jodiburgh,40,14.46,28.59,PROMO_LnQ,549.81
2023-07-09,P182,Suzannehaven,77,42.69,38.06,,3249.07
2023-07-10,P106,Janetfort,79,14.84,44.07,,1128.29
2023-07-11,P135,Milesport,96,84.52,42.33,PROMO_yDs,8071.59
2023-07-12,P175,Anthonyview,28,57.28,45.05,PROMO_ndF,1558.79
2023-07-13,P183,Brownborough,81,70.64,67.81,,5654.03
2023-07-14,P186,South Erica,22,69.85,16.1,,1520.6
2023-07-15,P124,Robertbury,74,84.95,27.34,,6258.96
2023-07-16,P193,Barnesmouth,15,17.59,71.42,PROMO_Rgg,192.43
2023-07-17,P158,Annborough,80,67.67,46.16,,5367.44
2023-07-18,P160,Hineston,36,59.64,47.92,,2099.12
2023-07-19,P128,Lake Saramouth,88,7.94,39.81,,658.91
2023-07-20,P194,Lake Conniefort,61,24.14,45.27,,1427.27
2023-07-21,P117,Gonzalezport,96,30.42,18.25,PROMO_bwf,2902.07
2023-07-22,P140,West Alvinmouth,57,11.89,45.11,PROMO_gLW,632.62
2023-07-23,P118,North Dana,97,38.7,79.78,,3674.12
2023-07-24,P103,Lake Johnburgh,88,7.58,46.59,,620.45
2023-07-25,P164,East Rebeccaborough,77,57.55,6.42,,4424.93
2023-07-26,P140,South Christina,53,25.09,64.33,PROMO_Ans,1265.44
2023-07-27,P114,West Alexander,26,32.27,33.53,PROMO_aHT,805.49
2023-07-28,P153,East Arthur,47,91.49,14.83,PROMO_PiL,4285.2
2023-07-29,P163,New Amanda,19,52.77,69.41,PROMO_bCI,933.22
2023-07-30,P171,West Sophiaton,63,30.56,18.24,,1907.04
2023-07-31,P114,Nicholeshire,15,61.85,73.9,PROMO_DKX,853.85
2023-08-01,P178,Ryanbury,15,24.16,37.02,,325.38
2023-08-02,P149,South Laurenhaven,61,12.07,60.19,,676.08
2023-08-03,P121,Donaldsonstad,24,6.99,45.12,,122.64
2023-08-04,P117,Jessicaview,77,95.4,22.76,,7323.04
2023-08-05,P179,Amandaborough,66,73.84,54.67,PROMO_kpS,4818.77
2023-08-06,P101,Lake Erica,65,81.0,76.76,,5188.24
2023-08-07,P135,Michaelview,16,98.19,62.26,PROMO_cJc,1508.78
2023-08-08,P119,Port Cherylburgh,60,93.5,49.51,,5560.49
2023-08-09,P115,Hawkinsmouth,67,75.01,79.28,,4946.39
2023-08-10,P166,Robertview,73,70.93,23.43,,5154.46
2023-08-11,P129,Courtneyburgh,35,37.0,7.8,,1287.2
2023-08-12,P154,West Sean,67,14.88,5.47,,991.49
2023-08-13,P165,East Grace,40,59.5,57.72,,2322.28
2023-08-14,P198,Conwayberg,75,59.74,66.93,PROMO_viW,4413.57
2023-08-15,P125,Brandonbury,22,95.46,51.9,,2048.22
2023-08-16,P156,New Melissa,27,47.04,72.69,,1197.39
2023-08-17,P168,Christopherland,84,70.63,56.74,PROMO_Poy,5876.18
2023-08-18,P101,Jenniferborough,22,59.62,31.56,,1280.08
2023-08-19,P155,Howardside,33,21.79,16.96,,702.11
2023-08-20,P183,New Amandaton,66,61.25,74.2,,3968.3
2023-08-21,P161,South Stacey,38,56.31,10.98,,2128.8
2023-08-22,P133,Butlermouth,65,51.92,44.81,,3329.99
2023-08-23,P197,Stephensville,63,53.78,27.18,,3360.96
2023-08-24,P155,Singhport,14,20.58,23.9,,264.22
2023-08-25,P154,North Ericborough,44,49.03,52.73,,2104.59
2023-08-26,P119,Nataliefort,28,62.54,20.81,,1730.31
2023-08-27,P149,North Vicki,64,51.5,73.56,,3222.44
2023-08-28,P124,Perrymouth,86,51.43,34.27,PROMO_wUg,4388.71
2023-08-29,P183,Castrochester,78,12.36,55.16,,908.92
2023-08-30,P124,New Sherri,53,23.12,59.04,,1166.32
2023-08-31,P152,East Cameronton,87,35.49,55.59,PROMO_gsS,3032.04
2023-09-01,P113,Fordbury,47,44.84,72.56,PROMO_TNb,2034.92
2023-09-02,P159,Rebeccastad,71,61.42,20.8,PROMO_nKS,4340.02
2023-09-03,P142,South Jamestown,31,87.02,9.63,PROMO_Inn,2687.99
2023-09-04,P161,Martinberg,82,20.12,7.27,,1642.57
2023-09-05,P175,Danielletown,49,6.43,70.59,,244.48
2023-09-06,P168,Lake Paulside,35,47.68,77.94,,1590.86
2023-09-07,P162,East Joan,14,46.05,26.29,,618.41
2023-09-08,P101,Port Brenda,63,57.43,56.4,,3561.69
2023-09-09,P153,Shannonport,95,84.16,3.69,,7991.51
2023-09-10,P115,Andersonshire,58,81.22,17.52,PROMO_Ebi,4693.24
2023-09-11,P154,West Davidmouth,12,14.5,56.07,,117.93
2023-09-12,P193,Fordberg,47,93.73,8.07,,4397.24
2023-09-13,P142,West Scott,23,15.49,39.08,,317.19
2023-09-14,P160,Bryantville,56,65.28,54.02,,3601.66
2023-09-15,P137,West Edwardview,23,68.88,61.98,PROMO_BVG,1522.26
2023-09-16,P144,Smithborough,84,69.59,37.94,PROMO_SkB,5807.62
2023-09-17,P150,Ponceberg,82,30.21,51.53,PROMO_RJB,2425.69
2023-09-18,P141,Lake Jasonmouth,47,36.38,44.55,,1665.31
2023-09-19,P123,South Jimmy,73,57.12,7.03,PROMO_Ujs,4162.73
2023-09-20,P129,New Mark,53,23.96,60.2,,1209.68
2023-09-21,P136,Port Justinton,79,6.93,16.27,PROMO_JEJ,531.2
2023-09-22,P152,New Brittanyfurt,74,58.4,5.45,,4316.15
2023-09-23,P162,Haleyberg,34,49.2,37.74,,1635.06
2023-09-24,P110,Robinsontown,25,67.39,69.65,PROMO_Xyz,1615.1
2023-09-25,P177,Port Brandonstad,24,18.94,14.61,,439.95
2023-09-26,P122,Davidview,90,84.89,3.99,PROMO_BXG,7636.11
2023-09-27,P179,South Codyland,12,18.89,11.47,,215.21
2023-09-28,P149,West Patricia,76,89.68,31.0,PROMO_Pzn,6784.68
2023-09-29,P184,Lake Jeremy,46,47.7,47.67,PROMO_yxd,2146.53
2023-09-30,P154,Port Theresaburgh,90,57.23,17.86,,5132.84
2023-10-01,P154,Westchester,64,90.18,64.75,,5706.77
2023-10-02,P103,Port Chad,47,33.49,61.0,,1513.03
2023-10-03,P196,Jonesbury,72,22.27,56.58,PROMO_taF,1546.86
2023-10-04,P153,Lake Adamchester,10,47.35,40.54,,432.96
2023-10-05,P160,Port Katieside,80,28.21,31.12,,2225.68
2023-10-06,P177,South Susanfort,99,55.15,31.92,,5427.93
2023-10-07,P182,Jacksonmouth,28,31.15,41.74,,830.46
2023-10-08,P104,South Margaretfurt,61,87.13,8.95,,5305.98
2023-10-09,P199,Robertmouth,39,62.7,55.54,,2389.76
2023-10-10,P194,Hodgesland,64,5.02,30.07,PROMO_lpp,291.21
2023-10-11,P117,Lake Jessica,23,81.52,20.31,,1854.65
2023-10-12,P143,Johnville,22,36.37,24.43,,775.71
2023-10-13,P130,North Sheila,93,35.42,16.88,,3277.18
2023-10-14,P193,Martinezmouth,99,41.39,72.42,,4025.19
2023-10-15,P120,Myersmouth,36,64.87,16.02,PROMO_zcB,2319.3
2023-10-16,P146,North Oscarton,98,47.0,70.99,,4535.01
2023-10-17,P129,Lake Jonathon,18,64.72,47.06,,1117.9
2023-10-18,P154,Steveburgh,50,18.94,69.79,,877.21
2023-10-19,P167,Port Judychester,57,97.17,39.5,PROMO_ywX,5499.19
2023-10-20,P168,South Lindsey,21,74.31,74.43,PROMO_ErQ,1486.08
2023-10-21,P140,Lopeztown,19,28.77,19.28,,527.35
2023-10-22,P144,New Michaelside,15,73.8,45.71,,1061.29
2023-10-23,P173,Jensenshire,43,59.63,12.69,,2551.4
2023-10-24,P190,Allenburgh,61,15.37,37.44,PROMO_TPh,900.13
2023-10-25,P179,South Jennifershire,50,21.93,46.88,,1049.62
2023-10-26,P129,North Heather,92,8.92,49.64,PROMO_ZiU,771.0
2023-10-27,P176,Patrickville,15,81.88,31.15,PROMO_hXI,1197.05
2023-10-28,P199,South Peter,11,57.41,8.88,PROMO_dAW,622.63
2023-10-29,P184,New Patricia,24,35.09,53.46,,788.7
2023-10-30,P144,Robertsburgh,26,17.0,40.61,,401.39
2023-10-31,P144,Turnerstad,25,50.98,13.54,PROMO_gow,1260.96
2023-11-01,P178,New Katelyn,37,54.9,75.06,,1956.24
2023-11-02,P183,South Ashley,94,71.69,76.59,,6662.27
2023-11-03,P183,Stephenport,81,97.14,68.96,,7799.38
2023-11-04,P144,New James,19,46.32,67.98,,812.1
2023-11-05,P154,Watershaven,19,43.57,10.6,,817.23
2023-11-06,P158,New Robertaberg,19,40.14,79.49,,683.17
2023-11-07,P104,Ramosview,82,83.56,33.83,,6818.09
2023-11-08,P131,New Emilyside,37,19.85,15.56,,718.89
2023-11-09,P105,Lake Martinshire,33,37.66,65.53,,1177.25
2023-11-10,P193,Heathtown,28,73.87,20.38,,2047.98
2023-11-11,P125,North James,77,6.49,43.52,,456.21
2023-11-12,P136,Johnsonville,65,32.49,12.86,PROMO_VRb,2098.99
2023-11-13,P112,Patelside,76,65.94,39.55,PROMO_yjC,4971.89
2023-11-14,P192,Lake Helen,51,22.67,45.98,PROMO_kUM,1110.19
2023-11-15,P168,South Brettport,21,33.76,37.34,PROMO_DOv,671.62
2023-11-16,P124,Veronicafurt,27,51.17,8.35,,1373.24
2023-11-17,P112,Donaldport,32,45.09,40.34,,1402.54
2023-11-18,P187,Port Emilyton,93,15.07,39.11,,1362.4
2023-11-19,P194,South Thomas,15,94.13,23.14,,1388.81
2023-11-20,P119,Port Donna,62,9.21,73.96,,497.06
2023-11-21,P171,Wilsonport,51,76.23,35.17,,3852.56
2023-11-22,P159,Richardsonshire,75,11.79,69.54,PROMO_lOh,814.71
2023-11-23,P172,South Wendy,39,49.39,11.44,,1914.77
2023-11-24,P120,South Bridgetview,18,21.66,27.55,,362.33
2023-11-25,P160,Christophermouth,51,18.4,16.58,PROMO_AaL,921.82
2023-11-26,P183,West Elizabeth,43,16.96,34.45,PROMO_wKX,694.83
2023-11-27,P178,Krystalfort,49,48.01,11.6,,2340.89
2023-11-28,P125,Kevinburgh,97,53.97,36.96,PROMO_cIJ,5198.13
2023-11-29,P153,North Josephstad,26,17.67,30.25,,429.17
2023-11-30,P141,Lake Amberstad,38,98.04,20.2,PROMO_REc,3705.32
2023-12-01,P110,East Katherine,59,29.49,52.45,,1687.46
2023-12-02,P136,Port Taylor,85,48.59,76.22,,4053.93
2023-12-03,P110,Lake Maureenton,58,25.55,18.95,PROMO_vCA,1462.95
2023-12-04,P126,South Marc,82,51.92,57.81,,4199.63
2023-12-05,P193,Hermanview,70,76.82,60.16,,5317.24
2023-12-06,P182,East Samuel,92,54.5,41.36,,4972.64
2023-12-07,P133,Perezbury,55,32.14,72.12,,1695.58
2023-12-08,P137,Bryanhaven,55,28.6,77.41,PROMO_kfy,1495.59
2023-12-09,P160,West Jessica,26,77.1,30.89,,1973.71
2023-12-10,P186,West Mary,75,16.23,53.13,,1164.12
2023-12-11,P152,West Cynthiaville,14,40.15,53.99,,508.11
2023-12-12,P164,Nelsonhaven,63,19.39,34.08,,1187.49
2023-12-13,P102,Nicholasfort,25,29.51,27.39,,710.36
2023-12-14,P166,Kristinamouth,90,19.5,74.9,,1680.1
2023-12-15,P127,Buckchester,16,89.24,63.83,PROMO_Bdi,1364.01
2023-12-16,P113,Alexshire,17,74.53,11.81,,1255.2
2023-12-17,P151,Millsberg,81,58.29,12.23,,4709.26
2023-12-18,P129,West Claire,96,26.32,74.04,,2452.68
2023-12-19,P157,Johnsonside,91,53.47,9.27,,4856.5
2023-12-20,P153,Lake Charlesmouth,47,54.48,56.01,,2504.55
2023-12-21,P168,West Justin,63,61.09,20.46,PROMO_ReY,3828.21
2023-12-22,P114,North Michelefurt,85,10.71,5.71,PROMO_gUR,904.64
2023-12-23,P137,Pricehaven,24,97.43,7.59,,2330.73
2023-12-24,P177,Mcgeeshire,59,49.22,31.76,,2872.22
2023-12-25,P113,Lake Diana,65,93.02,8.97,PROMO_TWv,6037.33
2023-12-26,P156,Katherineburgh,18,5.93,48.94,,57.8
2023-12-27,P158,Lake Barbaramouth,17,28.52,52.84,,432.0
2023-12-28,P107,Paulchester,28,14.88,31.76,PROMO_Ajg,384.88
2023-12-29,P171,New Alfred,60,78.11,60.2,PROMO_JTL,4626.4
2023-12-30,P118,Troychester,81,35.41,40.73,,2827.48
2023-12-31,P131,Port John,66,84.85,36.13,,5563.97
2024-01-01,P194,Port Trevor,77,84.08,34.34,,6439.82
2024-01-02,P128,Port Sarahmouth,40,68.44,36.2,,2701.4
2024-01-03,P140,North Ronaldborough,12,68.25,77.53,PROMO_Wbk,741.47
2024-01-04,P174,Bullockburgh,92,71.52,55.47,,6524.37
2024-01-05,P144,Nicholasview,52,69.01,27.27,,3561.25
2024-01-06,P112,Nortonfort,38,41.76,59.51,,1527.37
2024-01-07,P126,Morganville,19,69.87,28.43,,1299.1
2024-01-08,P118,Edwardsfort,21,90.25,12.68,,1882.57
2024-01-09,P125,Lake Steven,55,36.59,39.6,PROMO_yEL,1972.85
2024-01-10,P152,New Samantha,39,94.76,60.83,,3634.81
2024-01-11,P150,Shawnfort,91,6.29,32.08,,540.31
2024-01-12,P136,Jonathanstad,97,38.16,69.93,,3631.59
2024-01-13,P108,Tammieland,41,17.55,32.8,PROMO_hTt,686.75
2024-01-14,P191,Cliffordmouth,82,17.03,29.94,,1366.52
2024-01-15,P195,New Alexander,56,82.47,79.86,,4538.46
2024-01-16,P151,Dianahaven,97,92.24,40.15,,8907.13
2024-01-17,P153,Smithville,72,78.89,65.0,,5615.08
2024-01-18,P102,Lake Jordan,35,97.78,64.98,PROMO_yHD,3357.32
2024-01-19,P195,Whitestad,12,25.55,74.33,,232.27
2024-01-20,P168,Heatherland,32,18.38,9.54,PROMO_iPf,578.62
2024-01-21,P107,Hoffmanmouth,84,54.47,23.88,PROMO_lQq,4551.6
2024-01-22,P113,Riverafurt,83,83.76,62.12,PROMO_Qoh,6889.96
2024-01-23,P102,Cameronstad,59,8.78,46.32,,471.7
2024-01-24,P123,South Sophia,45,99.58,46.09,,4435.01
2024-01-25,P112,Stephenland,22,62.21,15.8,,1352.82
2024-01-26,P142,North Sherimouth,38,98.0,24.65,,3699.35
2024-01-27,P128,Angelaville,47,39.68,43.14,PROMO_NFr,1821.82
2024-01-28,P171,West Jenniferburgh,86,48.51,24.34,PROMO_XIf,4147.52
2024-01-29,P150,Goodwinland,99,76.47,19.19,,7551.34
2024-01-30,P141,Hermanview,93,80.31,9.76,,7459.07
2024-01-31,P130,West Charles,14,27.14,14.99,,364.97
2024-02-01,P162,Morrisville,29,93.33,62.2,,2644.37
2024-02-02,P125,Trevorhaven,87,87.41,58.35,PROMO_TPl,7546.32
2024-02-03,P117,Sarahburgh,23,6.73,6.53,,148.26
2024-02-04,P181,Port Justinside,17,17.21,18.65,,273.92
2024-02-05,P156,Port Danielle,57,52.13,46.16,,2925.25
2024-02-06,P106,Lake Victoria,22,48.79,27.84,PROMO_LTt,1045.54
2024-02-07,P147,West Michaelburgh,33,72.3,66.39,,2319.51
2024-02-08,P179,West Patrickberg,88,13.52,63.44,PROMO_xdC,1126.32
2024-02-09,P159,North Matthew,74,66.26,71.65,PROMO_Vcb,4831.59
2024-02-10,P132,Roberthaven,95,63.56,46.35,,5991.85
2024-02-11,P102,Traceyborough,43,27.19,30.11,,1139.06
2024-02-12,P103,Wallaceland,60,56.53,49.67,,3342.13
2024-02-13,P199,West Sarahaven,12,26.11,9.86,,303.46
2024-02-14,P103,West Davidtown,99,18.96,3.74,PROMO_kvH,1873.3
2024-02-15,P141,Burnsstad,87,59.45,4.32,,5167.83
2024-02-16,P108,New Michaelville,67,97.86,34.38,,6522.24
2024-02-17,P150,Rodrigueztown,81,27.51,20.56,,2207.75
2024-02-18,P116,Frazierberg,64,38.76,15.12,,2465.52
2024-02-19,P116,Lake Lindseybury,89,29.37,50.38,,2563.55
2024-02-20,P196,West Heidi,51,30.31,79.62,,1466.19
2024-02-21,P119,New Jonathan,30,43.4,16.69,,1285.31
2024-02-22,P113,New Christopherfort,19,71.68,45.07,,1316.85
2024-02-23,P121,South Amanda,66,8.69,12.22,,561.32
2024-02-24,P151,Port Jason,34,95.93,74.94,,3186.68
2024-02-25,P126,Lake Craigtown,65,9.4,25.47,,585.53
2024-02-26,P142,West Cherylshire,47,88.72,70.63,PROMO_DxH,4099.21
2024-02-27,P102,South Traciefort,95,89.97,24.8,,8522.35
2024-02-28,P187,New Michael,70,54.83,65.07,,3773.03
2024-02-29,P193,South Christina,56,18.01,19.12,,989.44
2024-03-01,P107,East Tonichester,63,58.69,25.54,,3671.93
2024-03-02,P185,South Kayla,55,64.72,17.82,,3541.78
2024-03-03,P188,West Heatherport,77,86.49,23.35,PROMO_Lhq,6636.38
2024-03-04,P109,East Lisaland,13,57.34,67.28,,678.14
2024-03-05,P128,Christophermouth,75,44.02,52.21,,3249.29
2024-03-06,P139,Kathrynton,52,84.64,34.25,,4367.03
2024-03-07,P164,Scottside,71,98.19,77.81,,6893.68
2024-03-08,P120,Lake Michelle,94,66.28,38.79,,6191.53
2024-03-09,P123,North Annetteview,94,88.07,77.67,,8200.91
2024-03-10,P172,North Janetton,94,61.88,18.14,PROMO_hWc,5798.58
2024-03-11,P159,Greenburgh,13,70.53,72.66,,844.23
2024-03-12,P125,New Peterbury,74,70.38,4.06,,5204.06
2024-03-13,P108,Adamtown,71,71.95,44.99,PROMO_XMc,5063.46
2024-03-14,P119,New Kathryn,99,35.5,35.58,PROMO_uwx,3478.92
2024-03-15,P155,New Diane,11,59.69,43.43,PROMO_Ucb,613.16
2024-03-16,P198,South Juliafort,18,61.44,45.62,,1060.3
2024-03-17,P135,Moorefort,66,34.93,32.96,,2272.42
2024-03-18,P135,West Melissa,54,38.24,79.86,PROMO_CAk,1985.1
2024-03-19,P172,Michaelberg,27,77.41,78.19,,2011.88
2024-03-20,P121,Donaldland,57,60.36,77.05,,3363.47
2024-03-21,P100,Hayesmouth,51,19.18,78.39,PROMO_BWp,899.79
2024-03-22,P168,East Michaelstad,50,84.58,64.06,,4164.94
2024-03-23,P172,Glennmouth,84,88.9,79.12,PROMO_uHg,7388.48
2024-03-24,P136,East John,98,49.28,71.71,PROMO_kRw,4757.73
2024-03-25,P182,Lake Robert,99,24.85,35.03,PROMO_fDS,2425.12
2024-03-26,P171,Tatemouth,67,95.02,63.43,,6302.91
2024-03-27,P195,Weaverville,51,88.82,73.23,,4456.59
2024-03-28,P112,Ashleyville,44,28.22,57.87,PROMO_Phy,1183.81
2024-03-29,P183,New Nicole,47,14.08,35.55,PROMO_slk,626.21
2024-03-30,P199,Lake Kathleenfurt,76,46.86,8.07,,3553.29
2024-03-31,P142,Hansenhaven,50,69.26,65.35,,3397.65
2024-04-01,P136,East Cory,59,21.66,76.36,PROMO_FyF,1201.58
2024-04-02,P193,Matthewside,95,53.76,30.91,,5076.29
2024-04-03,P173,Port Sarah,81,45.41,14.7,,3663.51
2024-04-04,P194,West Michael,88,89.6,28.14,,7856.66
2024-04-05,P124,Donaldville,54,45.81,47.86,,2425.88
2024-04-06,P192,Johnsonburgh,80,55.71,27.4,PROMO_JnD,4429.4
2024-04-07,P187,Michaelbury,28,95.75,50.02,,2630.98
2024-04-08,P120,Simmonsfort,26,33.47,77.45,,792.77
2024-04-09,P140,Grayview,74,32.45,54.65,,2346.65
2024-04-10,P172,Dudleystad,86,80.96,30.92,,6931.64
2024-04-11,P141,Julieville,65,31.37,75.05,,1964.0
2024-04-12,P141,North Melissaberg,50,84.03,46.55,PROMO_xqL,4154.95
2024-04-13,P101,North Julie,51,14.08,12.88,,705.2
2024-04-14,P167,New Nataliebury,15,15.57,41.42,,192.13
2024-04-15,P107,New Melinda,78,90.63,53.33,,7015.81
2024-04-16,P195,North Aprilland,84,56.38,67.55,,4668.37
2024-04-17,P160,Lake Jacob,82,73.29,75.11,,5934.67
2024-04-18,P113,Port Tammyhaven,49,26.4,27.44,,1266.16
2024-04-19,P176,New Alyssa,50,20.8,14.97,,1025.03
2024-04-20,P120,Jacobchester,18,84.32,8.68,,1509.08
2024-04-21,P123,West Dorothy,17,39.07,59.85,,604.34
2024-04-22,P149,Lake William,53,48.23,64.23,PROMO_XOx,2491.96
2024-04-23,P181,Garciahaven,67,7.66,34.52,PROMO_QJv,478.7
2024-04-24,P144,Jeannetown,76,41.66,33.49,,3132.67
2024-04-25,P163,Matthewstad,22,78.19,76.48,,1643.7
2024-04-26,P163,New Brandonmouth,28,83.02,73.58,PROMO_Hhf,2250.98
2024-04-27,P125,Port Margaret,58,71.38,20.96,,4119.08
2024-04-28,P131,Andrewmouth,89,70.76,63.12,PROMO_owP,6234.52
2024-04-29,P156,Richmondfort,91,53.09,50.95,,4780.24
2024-04-30,P152,West Danielle,87,56.14,14.88,,4869.3
2024-05-01,P132,West Ryan,39,75.55,30.47,PROMO_AdM,2915.98
2024-05-02,P151,Johnsonborough,75,28.49,16.67,,2120.08
2024-05-03,P194,Shawnshire,86,26.99,25.73,,2295.41
2024-05-04,P117,North Georgeburgh,68,95.24,50.38,PROMO_tEC,6425.94
2024-05-05,P134,Port Jennytown,62,7.63,31.9,PROMO_Giv,441.16
2024-05-06,P111,Port Steven,61,18.25,33.34,,1079.91
2024-05-07,P150,Jameschester,90,59.18,44.55,,5281.65
2024-05-08,P188,South Ronald,40,75.09,9.72,,2993.88
2024-05-09,P194,Andrewmouth,24,56.1,59.89,PROMO_CLW,1286.51
2024-05-10,P109,Amberville,29,38.73,33.93,PROMO_wOi,1089.24
2024-05-11,P151,West Jamesshire,14,97.91,39.99,PROMO_wKD,1330.75
2024-05-12,P133,New Garyburgh,16,71.87,78.02,PROMO_fgp,1071.9
2024-05-13,P166,Jordanville,27,83.98,29.52,,2237.94
2024-05-14,P138,Alexandriamouth,65,8.82,52.91,PROMO_fjy,520.39
2024-05-15,P107,Dannystad,84,27.41,33.22,PROMO_jCB,2269.22
2024-05-16,P195,Ronaldside,99,40.55,71.86,PROMO_aBB,3942.59
2024-05-17,P128,Josephmouth,54,22.35,68.2,,1138.7
2024-05-18,P121,Ericstad,37,11.93,21.61,PROMO_Hkm,419.8
2024-05-19,P183,Christinabury,59,26.38,56.26,,1500.16
2024-05-20,P169,Paulton,11,55.7,8.02,,604.68
2024-05-21,P160,New Devinmouth,93,71.1,77.17,,6535.13
2024-05-22,P142,Mcgeemouth,77,78.53,29.87,,6016.94
2024-05-23,P148,East Vincentburgh,86,9.08,67.05,,713.83
2024-05-24,P128,Daniellehaven,33,45.66,27.52,PROMO_dEJ,1479.26
2024-05-25,P180,Wardton,57,16.61,51.72,,895.05
2024-05-26,P130,Olsonchester,54,45.96,78.74,,2403.1
2024-05-27,P152,New Gordonchester,67,46.23,70.51,,3026.9
2024-05-28,P133,Howardhaven,45,52.33,15.35,PROMO_Rhw,2339.5
2024-05-29,P137,New Andrewburgh,11,89.82,45.16,,942.86
2024-05-30,P156,Boltonberg,27,81.48,29.84,,2170.12
2024-05-31,P103,Sanchezfurt,58,65.49,36.44,,3761.98
2024-06-01,P101,South Adrianview,17,89.11,28.81,,1486.06
2024-06-02,P111,Paultown,67,69.45,28.87,PROMO_KIB,4624.28
2024-06-03,P134,Port Heatherview,24,82.79,44.78,PROMO_lMp,1942.18
2024-06-04,P169,South Johnport,26,58.56,17.78,PROMO_NYB,1504.78
2024-06-05,P171,Johnsonfurt,32,54.9,44.38,,1712.42
2024-06-06,P120,Erikview,75,73.79,24.48,,5509.77
2024-06-07,P160,Matthewsfurt,79,6.87,25.25,,517.48
2024-06-08,P134,Tonyaport,36,70.59,59.88,,2481.36
2024-06-09,P147,North Nathanland,46,93.78,5.28,,4308.6
2024-06-10,P114,South Nancy,58,72.82,32.33,,4191.23
2024-06-11,P170,Lake Dana,73,8.5,34.38,,586.12
2024-06-12,P114,Mollystad,43,40.9,40.35,PROMO_twL,1718.35
2024-06-13,P105,West Amandabury,27,81.91,54.51,PROMO_IGB,2157.06
2024-06-14,P180,Lake Nicoleshire,73,96.07,31.47,,6981.64
2024-06-15,P167,Phelpsland,83,40.17,19.41,,3314.7
2024-06-16,P121,Thomashaven,53,84.91,71.14,PROMO_bBT,4429.09
2024-06-17,P131,East Amanda,26,87.06,78.54,,2185.02
2024-06-18,P121,New Ianchester,68,16.71,4.54,PROMO_ole,1131.74
2024-06-19,P126,Williamsmouth,22,85.35,45.08,,1832.62
2024-06-20,P114,North Joseph,61,35.8,29.31,PROMO_nmt,2154.49
2024-06-21,P143,North Pamelamouth,69,61.36,24.33,PROMO_DwS,4209.51
2024-06-22,P185,East Ryanport,51,56.2,28.85,,2837.35
2024-06-23,P191,New Tony,73,67.99,52.19,,4911.08
2024-06-24,P108,Paulchester,75,75.34,17.69,,5632.81
2024-06-25,P133,Butlertown,43,46.88,73.29,PROMO_bet,1942.55
2024-06-26,P199,Jonesshire,96,89.39,38.89,,8542.55
2024-06-27,P172,East Chad,80,81.9,28.07,,6523.93
2024-06-28,P114,Seantown,73,79.62,61.95,,5750.31
2024-06-29,P161,North Emilyport,42,48.53,4.26,PROMO_Ifw,2034.0
2024-06-30,P144,Grimesville,21,8.57,36.25,PROMO_IXC,143.72
2024-07-01,P183,Lake Jamesfort,85,51.76,30.36,,4369.24
2024-07-02,P171,Lake Jeffreyfurt,28,90.35,29.04,,2500.76
2024-07-03,P157,Port Lauramouth,18,23.09,28.95,,386.67
2024-07-04,P191,West Justinview,83,98.35,5.41,,8157.64
2024-07-05,P118,Tanyaberg,26,81.73,14.71,,2110.27
2024-07-06,P115,Andrewstad,59,72.43,13.93,,4259.44
2024-07-07,P174,North Richardport,48,69.33,79.12,PROMO_Owh,3248.72
2024-07-08,P107,Lake Jacqueline,50,60.77,4.71,,3033.79
2024-07-09,P132,East Jason,19,73.46,15.86,PROMO_QVQ,1379.88
2024-07-10,P173,North Carol,21,45.08,78.01,,868.67
2024-07-11,P117,South Phillipshire,88,85.3,51.38,,7455.02
2024-07-12,P134,East Jostad,24,71.15,37.7,,1669.9
2024-07-13,P142,New Matthewville,37,78.27,9.06,,2886.93
2024-07-14,P149,Port Edwardstad,13,80.29,54.56,,989.21
2024-07-15,P102,Cookberg,45,13.75,13.61,PROMO_Yge,605.14
2024-07-16,P190,Lake Jaredmouth,74,10.29,54.68,,706.78
2024-07-17,P158,Gabrielborough,56,81.09,78.4,,4462.64
2024-07-18,P127,Port Jeremiah,90,29.64,43.96,PROMO_qeD,2623.64
2024-07-19,P145,Lake Bradley,48,60.29,19.48,,2874.44
2024-07-20,P163,Dwayneport,47,47.15,51.15,,2164.9
2024-07-21,P169,South Mark,53,7.09,42.5,,333.27
2024-07-22,P146,Lake Gregorytown,60,8.83,44.05,PROMO_gSH,485.75
2024-07-23,P113,Bryantstad,94,83.58,39.81,PROMO_qPe,7816.71
2024-07-24,P106,East Matthew,35,62.73,54.88,,2140.67
2024-07-25,P173,Mitchellfort,45,54.77,47.04,,2417.61
2024-07-26,P178,Alexanderchester,78,94.71,79.0,PROMO_PIt,7308.38
2024-07-27,P130,North Kimberlyton,10,21.45,66.59,PROMO_QFl,147.91
2024-07-28,P192,West Adrienne,62,29.51,23.38,,1806.24
2024-07-29,P180,Port Monica,15,76.89,58.88,PROMO_geL,1094.47
2024-07-30,P150,New Amyside,46,78.65,19.5,,3598.4
2024-07-31,P128,Everetttown,11,43.47,63.24,,414.93
2024-08-01,P114,Annville,78,95.34,14.36,,7422.16
2024-08-02,P189,Michellebury,99,94.13,39.46,,9279.41
2024-08-03,P175,Alexanderborough,50,6.18,63.88,,245.12
2024-08-04,P124,Huffmanview,60,21.37,24.57,PROMO_urI,1257.63
2024-08-05,P160,Norrisfort,56,82.92,67.46,,4576.06
2024-08-06,P140,East Carl,22,36.85,52.6,,758.1
2024-08-07,P168,Port Alfredfort,85,14.07,33.61,,1162.34
2024-08-08,P103,South Deborahland,78,79.57,35.6,PROMO_GpG,6170.86
2024-08-09,P156,Waynefort,75,48.19,74.3,PROMO_Raq,3539.95
2024-08-10,P130,New Douglas,68,51.78,19.77,,3501.27
2024-08-11,P102,New Markside,77,22.71,56.39,,1692.28
2024-08-12,P166,Lake Alexandraside,68,67.79,57.46,,4552.26
2024-08-13,P189,East Karenfort,19,57.37,74.03,,1016.0
2024-08-14,P149,Lopezmouth,22,24.63,57.91,,483.95
2024-08-15,P116,Obrienbury,11,37.33,48.0,,362.63
2024-08-16,P159,South Barbara,99,61.7,72.49,PROMO_RjC,6035.81
2024-08-17,P173,Samanthafurt,24,92.86,66.84,,2161.8
2024-08-18,P165,Baileyland,55,92.44,58.19,,5026.01
2024-08-19,P187,Robertmouth,66,32.35,5.51,,2129.59
2024-08-20,P174,Mccallton,19,74.88,31.76,,1390.96
2024-08-21,P123,New Abigailberg,31,78.67,51.66,,2387.11
2024-08-22,P198,Lake Franciscoside,98,81.84,43.21,,7977.11
2024-08-23,P186,New Joshuafort,88,59.22,27.59,PROMO_cCz,5183.77
2024-08-24,P131,Johnport,86,6.0,14.12,,501.88
2024-08-25,P186,Sharonstad,17,77.36,45.58,,1269.54
2024-08-26,P197,Valdezstad,30,15.13,25.02,,428.88
2024-08-27,P118,Lake Victor,94,16.1,20.94,PROMO_xsf,1492.46
2024-08-28,P165,West Catherine,31,62.53,33.72,,1904.71
2024-08-29,P159,Normashire,54,98.43,63.48,PROMO_Huy,5251.74
2024-08-30,P165,Port Theresaview,49,28.04,40.56,,1333.4
2024-08-31,P114,East Brandon,31,66.35,19.67,,2037.18
2024-09-01,P184,North Amy,39,33.85,12.0,PROMO_mBC,1308.15
2024-09-02,P134,South Jasmineberg,71,90.38,41.42,,6375.56
2024-09-03,P168,Jacksonfurt,82,61.38,64.17,,4968.99
2024-09-04,P126,South Bobby,54,24.71,53.27,,1281.07
2024-09-05,P187,Margaretberg,44,29.9,20.88,PROMO_jNK,1294.72
2024-09-06,P106,Port David,91,46.09,36.63,,4157.56
2024-09-07,P105,Charlenehaven,51,16.59,68.85,,777.24
2024-09-08,P132,East Lisachester,14,12.48,16.68,,158.04
2024-09-09,P157,Michaelport,36,69.61,43.97,,2461.99
2024-09-10,P148,Donnamouth,79,43.68,30.43,,3420.29
2024-09-11,P116,East Marcustown,71,73.99,12.56,,5240.73
2024-09-12,P141,East John,41,15.46,6.84,,627.02
2024-09-13,P193,South Paul,17,62.94,45.8,,1024.18
2024-09-14,P171,Lake Isaiahberg,94,47.11,4.6,,4423.74
2024-09-15,P139,Lake Christopherville,27,10.51,10.97,,272.8
2024-09-16,P145,Ronaldhaven,87,56.76,29.76,,4908.36
2024-09-17,P170,Lake Amyview,24,12.87,6.35,PROMO_AUT,302.53
2024-09-18,P169,New Philip,35,83.63,33.83,PROMO_vll,2893.22
2024-09-19,P167,Conleyburgh,62,65.04,13.04,,4019.44
2024-09-20,P100,Port Leslie,53,57.91,29.94,PROMO_Vqc,3039.29
2024-09-21,P178,Lake Makayla,41,17.68,63.92,PROMO_iWl,660.96
2024-09-22,P194,Port Sarahville,37,32.31,51.23,,1144.24
2024-09-23,P188,North Bruce,48,51.82,37.3,,2450.06
2024-09-24,P196,New Adrian,41,65.16,10.07,,2661.49
2024-09-25,P151,Toddview,86,22.41,50.67,PROMO_tTZ,1876.59
2024-09-26,P134,Welchside,88,5.84,15.61,,498.31
2024-09-27,P168,Lake Amanda,27,37.75,8.9,,1010.35
2024-09-28,P104,Port Kent,79,50.87,54.13,,3964.6
2024-09-29,P199,Juliemouth,20,22.52,73.23,PROMO_anR,377.17
2024-09-30,P116,North Kimberly,41,51.76,38.47,,2083.69
2024-10-01,P152,Wrightshire,29,37.16,6.16,PROMO_OVY,1071.48
2024-10-02,P151,West Tina,49,48.23,70.78,PROMO_wVq,2292.49
2024-10-03,P113,Lake Cassandraberg,17,38.01,8.16,,638.01
2024-10-04,P128,Kimchester,44,64.7,69.8,,2777.0
2024-10-05,P107,Nicholaschester,78,9.08,33.17,,675.07
2024-10-06,P197,Emilyburgh,87,21.24,31.14,PROMO_VLf,1816.74
2024-10-07,P100,Lake Rebecca,30,46.11,44.8,PROMO_wnQ,1338.5
2024-10-08,P128,Lake Tracy,33,38.85,76.7,PROMO_TBj,1205.35
2024-10-09,P135,North Williamstad,26,42.21,72.2,,1025.26
2024-10-10,P150,Hopkinsmouth,27,81.36,39.22,,2157.5
2024-10-11,P136,Lake Kennethbury,21,89.2,56.58,,1816.62
2024-10-12,P192,Jacksonfort,25,28.62,47.69,,667.81
2024-10-13,P168,Fullerstad,13,84.46,56.4,PROMO_VgQ,1041.58
2024-10-14,P152,Cynthiaville,98,48.59,66.86,,4694.96
2024-10-15,P195,Port Cynthia,43,31.01,5.66,,1327.77
2024-10-16,P151,Sarahfurt,55,98.62,28.08,,5396.02
2024-10-17,P187,East Loganport,84,83.36,76.87,,6925.37
2024-10-18,P182,Lake Sharonfurt,86,99.45,76.1,,8476.6
2024-10-19,P111,Brittanyville,40,20.98,3.86,,835.34
2024-10-20,P151,South Rodney,34,18.67,18.51,PROMO_zRT,616.27
2024-10-21,P100,Benjaminfurt,83,52.82,79.52,,4304.54
2024-10-22,P106,Kellerburgh,33,65.67,40.95,,2126.16
2024-10-23,P116,New Steven,74,21.25,47.11,,1525.39
2024-10-24,P197,Port Valerie,34,86.74,15.81,PROMO_cSO,2933.35
2024-10-25,P142,Jenningsland,37,55.54,71.86,,1983.12
2024-10-26,P170,Munozfurt,45,44.04,20.81,PROMO_YVc,1960.99
2024-10-27,P116,Ronaldburgh,91,62.2,17.6,,5642.6
2024-10-28,P158,Susanburgh,15,65.32,20.57,,959.23
2024-10-29,P102,Collinsport,75,9.06,73.81,,605.69
2024-10-30,P128,Hornbury,76,99.99,57.12,,7542.12
2024-10-31,P121,Carrieville,81,39.57,62.18,PROMO_xNo,3142.99
2024-11-01,P137,Daniellehaven,57,10.85,32.03,,586.42
2024-11-02,P153,Christianchester,92,85.97,73.01,,7836.23
2024-11-03,P192,East Josephport,79,99.34,63.78,,7784.08
2024-11-04,P149,Port Nicholasland,87,82.55,60.8,PROMO_lwq,7121.05
2024-11-05,P168,Port Theresa,76,85.93,77.76,PROMO_pMn,6452.92
2024-11-06,P129,South Scott,57,64.46,31.2,,3643.02
2024-11-07,P122,Lake Ryan,74,92.62,50.04,,6803.84
2024-11-08,P184,Lake Catherine,53,8.4,73.06,PROMO_EmM,372.14
2024-11-09,P189,East Ericberg,72,77.84,63.9,PROMO_MXN,5540.58
2024-11-10,P146,Andersonburgh,55,68.72,46.38,,3733.22
2024-11-11,P120,South Erichaven,28,9.71,8.87,,263.01
2024-11-12,P119,Lake Timothy,73,56.68,53.26,PROMO_nAm,4084.38
2024-11-13,P122,West Tylerland,92,53.93,43.54,,4918.02
2024-11-14,P167,South Jacquelinebury,82,70.7,17.18,,5780.22
2024-11-15,P120,Prestonburgh,80,12.37,70.93,PROMO_YIb,918.67
2024-11-16,P120,East Joseph,59,81.5,29.43,,4779.07
2024-11-17,P100,West Steven,72,18.24,32.84,PROMO_ezk,1280.44
2024-11-18,P114,Lake Annburgh,50,44.77,54.77,,2183.73
2024-11-19,P116,Jessicaburgh,16,88.72,40.64,PROMO_uSQ,1378.88
2024-11-20,P150,East Jon,18,58.25,9.87,,1038.63
2024-11-21,P162,North Jacob,13,41.06,32.83,PROMO_Qdf,500.95
2024-11-22,P113,Lake Amanda,98,9.58,10.27,,928.57
2024-11-23,P158,East Mariaburgh,58,68.87,17.69,,3976.77
2024-11-24,P182,New Amyview,85,98.72,3.55,,8387.65
2024-11-25,P149,North Ashleyhaven,15,91.62,16.96,PROMO_Nih,1357.34
2024-11-26,P133,Nicoletown,91,73.14,28.44,,6627.3
2024-11-27,P105,Brownview,30,15.0,44.44,,405.56
2024-11-28,P148,South Michaelfurt,24,27.75,73.78,,592.22
2024-11-29,P105,Jameschester,76,22.75,44.61,,1684.39
2024-11-30,P168,Michaelshire,75,38.77,57.33,,2850.42
2024-12-01,P106,Jonathanstad,65,27.37,30.54,PROMO_rch,1748.51
2024-12-02,P196,Berryfurt,77,28.22,60.88,,2112.06
2024-12-03,P176,East Meganton,41,63.59,50.78,,2556.41
2024-12-04,P150,Lake Larry,75,35.28,38.4,PROMO_aUJ,2607.6
2024-12-05,P100,South Regina,38,69.33,17.92,,2616.62
2024-12-06,P112,South Donald,75,95.05,26.37,,7102.38
2024-12-07,P142,New Tracy,43,65.66,50.81,,2772.57
2024-12-08,P126,Millermouth,36,76.41,35.81,,2714.95
2024-12-09,P170,Walterburgh,69,76.4,71.48,,5200.12
2024-12-10,P102,New Rogermouth,48,36.42,21.08,,1727.08
2024-12-11,P157,Kingside,53,6.42,8.63,PROMO_coV,331.63
2024-12-12,P188,Valeriechester,91,10.23,48.38,,882.55
2024-12-13,P196,Sabrinaton,45,31.8,71.23,,1359.77
2024-12-14,P116,Stevenhaven,28,70.51,31.08,PROMO_ajC,1943.2
2024-12-15,P144,North Kevinfort,54,91.13,52.87,,4868.15
2024-12-16,P177,Reneehaven,93,96.09,20.82,PROMO_BAA,8915.55
2024-12-17,P157,Port Christopherstad,30,7.46,46.0,,177.8
2024-12-18,P155,Sanchezfort,32,99.06,63.58,,3106.34
2024-12-19,P153,Port Tiffany,98,35.64,69.76,,3422.96
2024-12-20,P186,Silvaburgh,36,85.08,11.09,,3051.79
2024-12-21,P187,South Robert,81,22.13,30.44,,1762.09
2024-12-22,P128,Robertsview,28,10.98,52.25,,255.19
2024-12-23,P153,Ronaldbury,50,40.94,5.67,,2041.33
2024-12-24,P126,South Davidside,35,86.6,56.18,,2974.82
2024-12-25,P144,Port Scott,37,25.98,43.66,,917.6
2024-12-26,P186,Terryton,73,19.63,25.22,,1407.77
2024-12-27,P130,Stricklandborough,77,91.43,65.73,,6974.38
2024-12-28,P135,Port Zachary,89,94.14,25.33,,8353.13
2024-12-29,P180,Port Frank,60,6.19,79.34,,292.06
2024-12-30,P160,Obrienhaven,83,74.11,65.86,,6085.27
2024-12-31,P136,North Leslie,57,34.37,57.51,,1901.58
2025-01-01,P166,Tamaraland,19,40.6,7.72,,763.68
2025-01-02,P135,Alexandertown,82,49.56,72.63,,3991.29
2025-01-03,P104,Port Kennethhaven,48,45.55,63.83,PROMO_mEj,2122.57
2025-01-04,P145,Brandonview,28,53.92,20.63,,1489.13
2025-01-05,P178,North Mark,73,60.32,33.2,,4370.16
2025-01-06,P151,Ramirezmouth,28,49.23,23.68,PROMO_bQN,1354.76
2025-01-07,P148,Benjaminstad,85,71.65,78.8,PROMO_RzH,6011.45
